title,rating,year,month,certificate,runtime,director,stars,genre,filming_location,budget,income,country_of_origin,id
"3 Idiots",8.4,2009,December,PG-13,"2h 50m","Rajkumar Hirani","Aamir Khan, Madhavan, Mona Singh, Sharman Joshi, Kareena Kapoor, Boman Irani, Omi Vaidya, Jaaved Jaaferi, Parikshit Sahni, Olivier Lafont, Rahul Kumar, Amardeep Jha, Farida Dadi, Mukund Bhatt, Chaitali Bose, Jayant Kripalani, Arun Bali, Shoaib Ahmed",Comedy,"IIM Campus, Bangalore, Karnataka, India",550000000,6532874,India,2
"Singin' in the Rain",8.3,1952,April,G,"1h 43m","Stanley DonenGene Kelly","Gene Kelly, Donald O'Connor, Debbie Reynolds, Jean Hagen, Millard Mitchell, Cyd Charisse, Douglas Fowley, Rita Moreno, Dawn Addams, John Albright, Betty Allen, Sue Allen, John Angelo, Marie Ardell, Bette Arlen, David Bair, Jimmy Bates, Mary Bayless",Comedy,"Metro-Goldwyn-Mayer Studios - 10202 W. Washington Blvd., Culver City, California, USA(New York City Streets)",2540800,1884537,"United States",3
Capernaum,8.4,2018,September,R,"2h 6m","Nadine Labaki","Zain Al Rafeea, Yordanos Shiferaw, Boluwatife Treasure Bankole, Kawsar Al Haddad, Fadi Yousef, Cedra Izzam, Alaa Chouchnieh, Elias Khoury, Mohammad Al Abdallah, Mohamad Abdellatif, Abdo Abdo, Hampig Abraham, Jamil Ahmad, Mohamad Akkar, Elias Akobegia, Riman Al Rafeea, Legamett Alamou, Majd Nabil Alhalabi",Drama,"Cola, Beirut, Lebanon(slum)",4000000,1661096,Lebanon,4
"Requiem for a Dream",8.3,2000,December,Unrated,"1h 42m","Darren Aronofsky","Ellen Burstyn, Jared Leto, Jennifer Connelly, Marlon Wayans, Christopher McDonald, Louise Lasser, Marcia Jean Kurtz, Janet Sarno, Suzanne Shepherd, Joanne Gordon, Charlotte Aronofsky, Mark Margolis, Michael Kaycheck, Jack O'Connell, Chas Mastin, Ajay Naidu, Sean Gullette, Samia Shoaib",Drama,"Coney Island, Brooklyn, New York City, New York, USA",4500000,3635482,"United States",5
"Come and See",8.4,1985,September,"Not Rated","2h 22m","Elem Klimov","Aleksey Kravchenko, Olga Mironova, Liubomiras Laucevicius, Vladas Bagdonas, Jüri Lumiste, Viktors Lorencs, Kazimir Rabetsky, Evgeniy Tilicheev, G. Velts, V. Vasilyev, Aleksandr Berda, Vasiliy Domrachyov, Nina Evdokimova, Igor Gnevashev, Adolf Hitler, Valery Kravchenko, Evgeniy Kryzhanovskiy, N. Lisichenok",Drama,"Soviet Union",71909,16053,"Soviet Union",6
"Toy Story 3",8.3,2010,June,G,"1h 43m","Lee Unkrich","Tom Hanks, Tim Allen, Joan Cusack, Ned Beatty, Don Rickles, Michael Keaton, Wallace Shawn, John Ratzenberger, Estelle Harris, John Morris, Jodi Benson, Emily Ricks Hahn, Laurie Metcalf, Blake Clark, Teddy Newton, Bud Luckey, Bea Miller, Javier Fernández-Peña",Animation,"Pixar Animation Studios - 1200 Park Avenue, Emeryville, California, USA",200000000,415004880,"United States",7
"Star Wars: Episode VI - Return of the Jedi",8.3,1983,May,PG,"2h 11m","Richard Marquand","Mark Hamill, Harrison Ford, Carrie Fisher, Billy Dee Williams, Anthony Daniels, Peter Mayhew, Sebastian Shaw, Ian McDiarmid, Frank Oz, James Earl Jones, David Prowse, Alec Guinness, Kenny Baker, Michael Pennington, Kenneth Colley, Michael Carter, Denis Lawson, Tim Rose",Action,"Miller-Rellim Redwood Company Property, Morrison Creek Road, Smith River, California, USA(Endor scenes, now logged and deforested, coordinates: 41°54'49.2"N, 124°07'31.4"W)",32500000,316566101,"United States",8
"The Shawshank Redemption",9.3,1994,October,R,"2h 22m","Frank Darabont","Tim Robbins, Morgan Freeman, Bob Gunton, William Sadler, Clancy Brown, Gil Bellows, Mark Rolston, James Whitmore, Jeffrey DeMunn, Larry Brandenburg, Neil Giuntoli, Brian Libby, David Proval, Joseph Ragno, Jude Ciccolella, Paul McCrane, Renee Blaine, Scott Mann",Drama,"Mansfield Reformatory - 100 Reformatory Road, Mansfield, Ohio, USA(The prison that is used in the large panning scene, and used for the wardens office.)",25000000,28767189,"United States",9
"The Godfather",9.2,1972,March,R,"2h 55m","Francis Ford Coppola","Marlon Brando, Al Pacino, James Caan, Diane Keaton, Richard S. Castellano, Robert Duvall, Sterling Hayden, John Marley, Richard Conte, Al Lettieri, Abe Vigoda, Talia Shire, Gianni Russo, John Cazale, Rudy Bond, Al Martino, Morgana King, Lenny Montana",Crime,"Forza d'Agrò, Messina, Sicily, Italy(as Corleone village)",6000000,136381073,"United States",10
"The Dark Knight",9,2008,July,PG-13,"2h 32m","Christopher Nolan","Christian Bale, Heath Ledger, Aaron Eckhart, Michael Caine, Maggie Gyllenhaal, Gary Oldman, Morgan Freeman, Monique Gabriela Curnen, Ron Dean, Cillian Murphy, Chin Han, Nestor Carbonell, Eric Roberts, Ritchie Coster, Anthony Michael Hall, Keith Szarabajka, Colin McFarlane, Joshua Harto",Action,"Chicago, Illinois, USA",185000000,534987076,"United States",11
"The Godfather Part II",9,1974,December,R,"3h 22m","Francis Ford Coppola","Al Pacino, Robert De Niro, Robert Duvall, Diane Keaton, John Cazale, Talia Shire, Lee Strasberg, Michael V. Gazzo, G.D. Spradlin, Richard Bright, Gastone Moschin, Tom Rosqui, Bruno Kirby, Frank Sivero, Francesca De Sapio, Morgana King, Marianna Hill, Leopoldo Trieste",Crime,"Kaiser Estate, 4000 W Lake Blvd, Homewood, Lake Tahoe, California, USA(Corleone Compound)",13000000,47834595,"United States",12
"12 Angry Men",9,1957,April,Approved,"1h 36m","Sidney Lumet","Henry Fonda, Lee J. Cobb, Martin Balsam, John Fiedler, E.G. Marshall, Jack Klugman, Edward Binns, Jack Warden, Joseph Sweeney, Ed Begley, George Voskovec, Robert Webber, Rudy Bond, Tom Gorman, James Kelly, Billy Nelson, John Savoca, Walter Stocker",Crime,"New York County Courthouse - 60 Centre Street, New York City, New York, USA(Exterior)",350000,2667,"United States",13
"Schindler's List",9,1994,February,R,"3h 15m","Steven Spielberg","Liam Neeson, Ralph Fiennes, Ben Kingsley, Caroline Goodall, Jonathan Sagall, Embeth Davidtz, Malgorzata Gebel, Shmuel Levy, Mark Ivanir, Béatrice Macola, Andrzej Seweryn, Friedrich von Thun, Krzysztof Luft, Harry Nehring, Norbert Weisser, Adi Nitzan, Michael Schneider, Miri Fabian",Biography,"Auschwitz-Birkenau Concentration Camp, Oswiecim, Malopolskie, Poland",22000000,96898818,"United States",14
"The Lord of the Rings: The Return of the King",9,2003,December,PG-13,"3h 21m","Peter Jackson","Elijah Wood, Viggo Mortensen, Ian McKellen, Orlando Bloom, Noel Appleby, Ali Astin, Sean Astin, David Aston, John Bach, Sean Bean, Cate Blanchett, Billy Boyd, Sadwyn Brophy, Alistair Browning, Marton Csokas, Richard Edge, Jason Fitch, Bernard Hill",Action,"Hinuera Valley, Matamata, Waikato, New Zealand(Hobbiton)",94000000,379427292,"New Zealand",15
"Pulp Fiction",8.9,1994,October,R,"2h 34m","Quentin Tarantino","John Travolta, Uma Thurman, Samuel L. Jackson, Bruce Willis, Tim Roth, Amanda Plummer, Laura Lovelace, Phil LaMarr, Frank Whaley, Burr Steers, Ving Rhames, Paul Calderon, Bronagh Gallagher, Rosanna Arquette, Eric Stoltz, Jerome Patrick Hoban, Michael Gilden, Gary Shorelle",Crime,"1435 Flower Street, Glendale, California, USA(Jack Rabbit Slims;exterior)",8000000,107928762,"United States",16
"The Lord of the Rings: The Fellowship of the Ring",8.9,2001,December,PG-13,"2h 58m","Peter Jackson","Elijah Wood, Ian McKellen, Orlando Bloom, Sean Bean, Alan Howard, Noel Appleby, Sean Astin, Sala Baker, Billy Boyd, Andy Serkis, Marton Csokas, Viggo Mortensen, Megan Edwards, Michael Elsworth, Cate Blanchett, Mark Ferguson, Ian Holm, Christopher Lee",Action,"Wellington, New Zealand(Bree)",93000000,316115420,"New Zealand",17
"The Good, the Bad and the Ugly",8.8,1967,December,Approved,"2h 58m","Sergio Leone","Clint Eastwood, Eli Wallach, Lee Van Cleef, Aldo Giuffrè, Luigi Pistilli, Rada Rassimov, Enzo Petito, Claudio Scarchilli, John Bartha, Livio Lorenzon, Antonio Casale, Sandro Scarchilli, Benito Stefanelli, Angelo Novi, Antonio Casas, Aldo Sambrell, Al Mulock, Sergio Mendizábal",Adventure,"Carazo, Burgos, Castilla y León, Spain(Betterville concentration camp)",1200000,25100000,Italy,18
"Forrest Gump",8.8,1994,July,PG-13,"2h 22m","Robert Zemeckis","Tom Hanks, Robin Wright, Gary Sinise, Sally Field, Rebecca Williams, Michael Conner Humphreys, Harold G. Herthum, George Kelly, Bob Penny, John Randall, Sam Anderson, Margo Moorer, Ione M. Telech, Christine Seabrook, John Worsham, Peter Dobson, Siobhan Fallon Hogan, Alexander Zemeckis",Drama,"Chippewa Square, Savannah, Georgia, USA(bus stop bench)",55000000,330455270,"United States",19
"Fight Club",8.8,1999,October,R,"2h 19m","David Fincher","Brad Pitt, Edward Norton, Meat Loaf, Zach Grenier, Richmond Arquette, David Andrews, George Maguire, Eugenie Bondurant, Christina Cabot, Helena Bonham Carter, Sydney 'Big Dawg' Colston, Rachel Singer, Christie Cronenweth, Tim DeZarn, Ezra Buzzington, Dierdre Downing-Jackson, Bob Stephenson, Charlie Dell",Drama,"240 North Neptune Avenue, Los Angeles, California, USA(Tyler's House)",63000000,37030102,Germany,20
"The Lord of the Rings: The Two Towers",8.8,2002,December,PG-13,"2h 59m","Peter Jackson","Elijah Wood, Ian McKellen, Viggo Mortensen, Orlando Bloom, Bruce Allpress, Sean Astin, John Bach, Sala Baker, Cate Blanchett, Billy Boyd, Jed Brophy, Sam Comery, Brad Dourif, Calum Gittins, Bernard Hill, Bruce Hopkins, Paris Howe Strewe, Christopher Lee",Action,"Hinuera Valley, Matamata, Waikato, New Zealand",94000000,342952511,"New Zealand",21
Inception,8.8,2010,July,PG-13,"2h 28m","Christopher Nolan","Leonardo DiCaprio, Joseph Gordon-Levitt, Elliot Page, Ken Watanabe, Tom Hardy, Dileep Rao, Cillian Murphy, Tom Berenger, Marion Cotillard, Pete Postlethwaite, Michael Caine, Lukas Haas, Tai-Li Lee, Claire Geare, Magnus Nolan, Taylor Geare, Johnathan Geare, Tohoru Masamune",Action,"Fortress Mountain, Kananaskis Country, Alberta, Canada",160000000,292587330,"United States",22
"Star Wars: Episode V - The Empire Strikes Back",8.7,1980,June,PG,"2h 4m","Irvin Kershner","Mark Hamill, Harrison Ford, Carrie Fisher, Billy Dee Williams, Anthony Daniels, David Prowse, Peter Mayhew, Kenny Baker, Frank Oz, Alec Guinness, Jeremy Bulloch, John Hollis, Jack Purvis, Des Webb, Clive Revill, Kenneth Colley, Julian Glover, Michael Sheard",Action,"Hardangerjøkulen Glacier, Finse, Norway(exterior Hoth scenes)",18000000,292753960,"United States",23
"The Matrix",8.7,1999,March,R,"2h 16m","Lana WachowskiLilly Wachowski","Keanu Reeves, Laurence Fishburne, Carrie-Anne Moss, Hugo Weaving, Gloria Foster, Joe Pantoliano, Marcus Chong, Julian Arahanga, Matt Doran, Belinda McClory, Anthony Ray Parker, Paul Goddard, Robert Taylor, David Aston, Marc Aden Gray, Ada Nicodemou, Deni Gordon, Rowan Witt",Action,"Nashville, Tennessee, USA(exterior scenes: skyline in opening Trinity rooftop chase)",63000000,172076928,"United States",24
Goodfellas,8.7,1990,September,R,"2h 25m","Martin Scorsese","Robert De Niro, Ray Liotta, Joe Pesci, Lorraine Bracco, Paul Sorvino, Frank Sivero, Tony Darrow, Mike Starr, Frank Vincent, Chuck Low, Frank DiLeo, Henny Youngman, Gina Mastrogiacomo, Catherine Scorsese, Charles Scorsese, Suzanne Shepherd, Debi Mazar, Margo Winkler",Biography,"Copacabana Nightclub - 10 East 60th Street, East Side, Manhattan, New York City, New York, USA(kitchen scene: tracking shot)",25000000,46909721,"United States",25
"One Flew Over the Cuckoo's Nest",8.7,1975,November,R,"2h 13m","Milos Forman","Jack Nicholson, Louise Fletcher, Michael Berryman, Peter Brocco, Dean R. Brooks, Alonzo Brown, Scatman Crothers, Mwako Cumbuka, Danny DeVito, William Duell, Josip Elic, Lan Fendors, Nathan George, Ken Kenny, Mel Lambert, Sydney Lassick, Kay Lee, Christopher Lloyd",Drama,"Oregon State Mental Hospital - 2600 Center Street NE, Salem, Oregon, USA",3000000,108981275,"United States",26
Se7en,8.6,1995,September,R,"2h 7m","David Fincher","Morgan Freeman, Brad Pitt, Kevin Spacey, Andrew Kevin Walker, Daniel Zacapa, Gwyneth Paltrow, John Cassini, Bob Mack, Peter Crombie, Reg E. Cathey, R. Lee Ermey, George Christy, Endre Hules, Hawthorne James, William Davidson, Bob Collins, Jimmy Dale Hartsell, Richard Roundtree",Crime,"Pacific Electric Building, Los Angeles, California, USA(Police Headquarters)",33000000,100125643,"United States",27
"It's a Wonderful Life",8.6,1947,January,PG,"2h 10m","Frank Capra","James Stewart, Donna Reed, Lionel Barrymore, Thomas Mitchell, Henry Travers, Beulah Bondi, Frank Faylen, Ward Bond, Gloria Grahame, H.B. Warner, Frank Albertson, Todd Karns, Samuel S. Hinds, Mary Treen, Virginia Patton, Charles Williams, Sarah Edwards, William Edmunds",Drama,"4587 Viro Road, La Cañada Flintridge, California, USA(exterior of Martini's house)",3180000,1483643,"United States",28
Interstellar,8.7,2014,November,PG-13,"2h 49m","Christopher Nolan","Matthew McConaughey, Anne Hathaway, Jessica Chastain, Mackenzie Foy, Ellen Burstyn, John Lithgow, Timothée Chalamet, David Oyelowo, Collette Wolfe, Francis X. McCarthy, Bill Irwin, Andrew Borba, Wes Bentley, William Devane, Michael Caine, David Gyasi, Josh Stewart, Casey Affleck",Adventure,Iceland,165000000,188020017,"United States",29
"Seven Samurai",8.6,1956,November,"Not Rated","3h 27m","Akira Kurosawa","Toshirô Mifune, Takashi Shimura, Keiko Tsushima, Yukiko Shimazaki, Kamatari Fujiwara, Daisuke Katô, Isao Kimura, Minoru Chiaki, Seiji Miyaguchi, Yoshio Kosugi, Bokuzen Hidari, Yoshio Inaba, Yoshio Tsuchiya, Kokuten Kôdô, Eijirô Tôno, Kichijirô Ueda, Jun Tatara, Atsushi Watanabe",Action,"Izu Peninsula, Shizuoka, Japan",125000000,318649,Japan,30
"The Silence of the Lambs",8.6,1991,February,R,"1h 58m","Jonathan Demme","Jodie Foster, Anthony Hopkins, Scott Glenn, Ted Levine, Anthony Heald, Brooke Smith, Diane Baker, Kasi Lemmons, Charles Napier, Tracey Walter, Roger Corman, Ron Vawter, Danny Darst, Jeffrie Lane, Frankie Faison, Paul Lazar, Dan Butler, Chris Isaak",Crime,"Bimini Airport, South Bimini Island, Bimini Islands, Bahamas",19000000,130742922,"United States",31
"Saving Private Ryan",8.6,1998,July,R,"2h 49m","Steven Spielberg","Tom Hanks, Matt Damon, Tom Sizemore, Edward Burns, Barry Pepper, Adam Goldberg, Vin Diesel, Giovanni Ribisi, Jeremy Davies, Ted Danson, Paul Giamatti, Dennis Farina, Joerg Stadler, Max Martini, Dylan Bruno, Daniel Cerqueira, Demetri Goritsas, Ian Porter",Drama,"Curracloe Beach, Ballinesker, County Wexford, Ireland(Omaha Beach)",70000000,217049603,"United States",32
"City of God",8.6,2004,February,R,"2h 10m","Fernando MeirellesKátia Lund","Alexandre Rodrigues, Leandro Firmino, Matheus Nachtergaele, Phellipe Haagensen, Douglas Silva, Jonathan Haagensen, Seu Jorge, Jefechander Suplino, Alice Braga, Emerson Gomes, Edson Oliveira, Michel Gomes, Roberta Rodrigues, Luis Otávio, Kiko Marques, Gustavo Engrácia, Darlan Cunha, Robson Rocha",Crime,"Rio de Janeiro, Rio de Janeiro, Brazil",3300000,7564459,Brazil,33
"Life Is Beautiful",8.6,1997,December,PG-13,"1h 56m","Roberto Benigni","Roberto Benigni, Nicoletta Braschi, Giorgio Cantarini, Giustino Durano, Sergio Bini Bustric, Marisa Paredes, Horst Buchholz, Lidia Alfonsi, Giuliana Lojodice, Amerigo Fontani, Pietro De Silva, Francesco Guzzo, Raffaella Lebboroni, Claudio Alfonsi, Gil Baroni, Massimo Bianchi, Jürgen Bohn, Verena Buratti",Comedy,"Arezzo, Tuscany, Italy",20000000,57563264,Italy,34
"The Green Mile",8.6,1999,December,R,"3h 9m","Frank Darabont","Tom Hanks, Michael Clarke Duncan, David Morse, Bonnie Hunt, James Cromwell, Michael Jeter, Graham Greene, Doug Hutchison, Sam Rockwell, Barry Pepper, Jeffrey DeMunn, Patricia Clarkson, Harry Dean Stanton, Dabbs Greer, Eve Brent, William Sadler, Mack Miles, Rai Tasco",Crime,"Tennessee State Penitentiary, Nashville, Tennessee, USA(Cold Mountain Penitentiary; exterior)",60000000,136801374,"United States",35
"Terminator 2: Judgment Day",8.6,1991,July,R,"2h 17m","James Cameron","Arnold Schwarzenegger, Linda Hamilton, Edward Furlong, Robert Patrick, Earl Boen, Joe Morton, S. Epatha Merkerson, Castulo Guerra, Danny Cooksey, Jenette Goldstein, Xander Berkeley, Leslie Hamilton Gearren, Ken Gibbel, Robert Winley, Pete Schrum, Shane Wilder, Michael Edwards, Jared Lounsbery",Action,"Bayside Parkway & Gateway Boulevard, Fremont, California, USA(Cyberdyne, Exterior)",102000000,205881154,"United States",36
"Star Wars: Episode IV - A New Hope",8.6,1977,May,PG,"2h 1m","George Lucas","Mark Hamill, Harrison Ford, Carrie Fisher, Alec Guinness, Peter Cushing, Anthony Daniels, Kenny Baker, Peter Mayhew, David Prowse, Phil Brown, Shelagh Fraser, Jack Purvis, Alex McCrindle, Eddie Byrne, Drewe Henley, Denis Lawson, Garrick Hagon, Jack Klaff",Action,"Tikal National Park, Guatemala(Fourth moon of Yavin)",11000000,460998507,"United States",37
"Back to the Future",8.5,1985,July,PG,"1h 56m","Robert Zemeckis","Michael J. Fox, Christopher Lloyd, Lea Thompson, Crispin Glover, Tom Wilson, Claudia Wells, Marc McClure, Wendie Jo Sperber, George DiCenzo, Frances Lee McCain, James Tolkan, J.J. Cohen, Casey Siemaszko, Billy Zane, Harry Waters Jr., Donald Fullilove, Lisa Freeman, Cristen Kauffman",Adventure,"Whittier High School - 12417 E. Philadelphia Street, Whittier, California, USA(Hill Valley High School)",19000000,214077472,"United States",38
"The Pianist",8.5,2003,March,R,"2h 30m","Roman Polanski","Adrien Brody, Thomas Kretschmann, Frank Finlay, Emilia Fox, Michal Zebrowski, Ed Stoppard, Maureen Lipman, Jessica Kate Meyer, Julia Rayner, Wanja Mues, Richard Ridings, Nomi Sharron, Anthony Milner, Lucy Skeaping, Roddy Skeaping, Ben Harlan, Thomas Lawinky, Joachim Paul Assböck",Biography,"Instalatorów, Ochota, Warsaw, Mazowieckie, Poland(Umschlagplatz scenes)",35000000,32582504,France,39
Parasite,8.5,2019,November,R,"2h 12m","Bong Joon Ho","Song Kang-ho, Lee Sun-kyun, Cho Yeo-jeong, Choi Woo-sik, Park So-dam, Lee Jeong-eun, Jang Hye-jin, Park Myeong-hoon, Jung Ji-so, Jung Hyun-jun, Park Keun-rok, Jung Yi-seo, Jo Jae-myeong, Jung Ik-han, Kim Kyu-baek, Hwang In-kyung, Ahn Seong-bong, Kim Jin-hyung",Drama,"Jahamun-ro, Buam-dong, Jongno-gu, Seoul, South Korea(Ki Taek and family enter Jahamun tunnel, walking back home in the rain)",11400000,53369749,"South Korea",40
Psycho,8.5,1960,September,R,"1h 49m","Alfred Hitchcock","Anthony Perkins, Janet Leigh, Vera Miles, John Gavin, Martin Balsam, John McIntire, Simon Oakland, Frank Albertson, Patricia Hitchcock, Vaughn Taylor, Lurene Tuttle, John Anderson, Mort Mills, Fletcher Allen, Walter Bacon, Prudence Beers, Kit Carson, Francis De Sales",Horror,"Psycho House, Backlot, Universal Studios - 100 Universal City Plaza, Universal City, California, USA(exterior of Bates Motel and house)",806947,32000000,"United States",41
Gladiator,8.5,2000,May,R,"2h 35m","Ridley Scott","Russell Crowe, Joaquin Phoenix, Connie Nielsen, Oliver Reed, Richard Harris, Derek Jacobi, Djimon Hounsou, David Schofield, John Shrapnel, Tomas Arana, Ralf Moeller, Spencer Treat Clark, David Hemmings, Tommy Flanagan, Sven-Ole Thorsen, Omid Djalili, Nicholas McGaughey, Chris Kell",Action,"Ouarzazate, Morocco(on location)",103000000,187705427,"United States",42
"The Lion King",8.5,1994,June,G,"1h 28m","Roger AllersRob Minkoff","Matthew Broderick, Jeremy Irons, James Earl Jones, Whoopi Goldberg, Rowan Atkinson, Niketa Calame-Harris, Jim Cummings, Robert Guillaume, Moira Kelly, Nathan Lane, Zoe Leader, Cheech Marin, Ernie Sabella, Madge Sinclair, Jonathan Taylor Thomas, Frank Welker, Cathy Cavadini, Judi M. Durand",Animation,"Walt Disney Animation Studios - 2100 Riverside Drive, Burbank, California, USA",45000000,422783777,"United States",43
"The Departed",8.5,2006,October,R,"2h 31m","Martin Scorsese","Leonardo DiCaprio, Matt Damon, Jack Nicholson, Mark Wahlberg, Martin Sheen, Ray Winstone, Vera Farmiga, Anthony Anderson, Alec Baldwin, Kevin Corrigan, James Badge Dale, David O'Hara, Mark Rolston, Robert Wahlberg, Kristen Dalton, Thomas B. Duffy, Richard Hughes, J.C. MacKenzie",Crime,"SUNY Maritime College, Bronx, New York City, New York, USA",90000000,132399394,"United States",44
"American History X",8.5,1998,November,R,"1h 59m","Tony Kaye","Edward Norton, Edward Furlong, Beverly D'Angelo, Jennifer Lien, Ethan Suplee, Fairuza Balk, Avery Brooks, Elliott Gould, Stacy Keach, William Russ, Guy Torry, Joe Cortese, Jason Bose Smith, Antonio David Lyons, Alex Sol, Keram Malicki-Sánchez, Giuseppe Andrews, Michelle Christine White",Crime,"Venice High School - 13000 Venice Boulevard, Venice, Los Angeles, California, USA",20000000,6719864,"United States",45
Whiplash,8.5,2014,October,R,"1h 46m","Damien Chazelle","Miles Teller, J.K. Simmons, Melissa Benoist, Paul Reiser, Austin Stowell, Nate Lang, Chris Mulkey, Damon Gupton, Suanne Spoke, Max Kasch, Charlie Ian, Jayson Blair, Kofi Siriboe, Kavita Patil, C.J. Vana, Tarik Lowe, Tyler Kimball, Rogelio Douglas Jr.",Drama,"Santa Clarita, California, USA",3300000,13092000,"United States",46
"The Prestige",8.5,2006,October,PG-13,"2h 10m","Christopher Nolan","Christian Bale, Hugh Jackman, Scarlett Johansson, Michael Caine, Piper Perabo, Rebecca Hall, Samantha Mahurin, David Bowie, Andy Serkis, Daniel Davis, Jim Piddock, Christopher Neame, Mark Ryan, Roger Rees, Jamie Harris, Monty Stuart, Ron Perkins, Ricky Jay",Drama,"Durango and Silverton Narrow Gauge Railroad, Colorado, USA(train scenes)",40000000,53089891,"United Kingdom",47
"Spirited Away",8.6,2003,March,PG,"2h 5m","Hayao Miyazaki","Daveigh Chase, Suzanne Pleshette, Miyu Irino, Rumi Hiiragi, Mari Natsuki, Takashi Naitô, Yasuko Sawaguchi, Tatsuya Gashûin, Ryunosuke Kamiki, Yumi Tamai, Yô Ôizumi, Koba Hayashi, Tsunehiko Kamijô, Takehiko Ono, Bunta Sugawara, Shigeru Wakita, Shirô Saitô, Michiko Yamamoto",Animation,,19000000,15205725,Japan,48
"Grave of the Fireflies",8.5,1989,July,"Not Rated","1h 29m","Isao Takahata","Tsutomu Tatsumi, Ayano Shiraishi, Akemi Yamaguchi, Yoshiko Shinohara, Kôzô Hashida, Masayo Sakai, Kazumi Nozaki, Yoshio Matsuoka, Masahiro Kanetake, Kiyoshi Yanagawa, Hajime Maki, Atsuo Omote, Teruhisa Harita, Hiroshi Tanaka, Michio Denpô, Shirô Tamaki, Tadashi Nakamura, Mika Sekita",Animation,,3700000,516962,Japan,49
"Grave of the Fireflies",8.5,1989,July,"Not Rated","1h 29m","Isao Takahata","Tsutomu Tatsumi, Ayano Shiraishi, Akemi Yamaguchi, Yoshiko Shinohara, Kôzô Hashida, Masayo Sakai, Kazumi Nozaki, Yoshio Matsuoka, Masahiro Kanetake, Kiyoshi Yanagawa, Hajime Maki, Atsuo Omote, Teruhisa Harita, Hiroshi Tanaka, Michio Denpô, Shirô Tamaki, Tadashi Nakamura, Mika Sekita",Animation,,3700000,516962,Japan,50
Harakiri,8.6,1964,August,"Not Rated","2h 13m","Masaki Kobayashi","Tatsuya Nakadai, Akira Ishihama, Shima Iwashita, Tetsurô Tanba, Masao Mishima, Ichirô Nakatani, Kei Satô, Yoshio Inaba, Hisashi Igawa, Tôru Takeuchi, Yoshirô Aoki, Tatsuo Matsumura, Akiji Kobayashi, Kôichi Hayashi, Ryûtarô Gomi, Jô Azumi, Nakajirô Tomita, Shichisaburô Amatsu",Action,"Kyoto, Kyoto, Japan",15222,0,Japan,51
"The Usual Suspects",8.5,1995,August,R,"1h 46m","Bryan Singer","Kevin Spacey, Gabriel Byrne, Chazz Palminteri, Stephen Baldwin, Benicio Del Toro, Kevin Pollak, Pete Postlethwaite, Suzy Amis, Giancarlo Esposito, Dan Hedaya, Paul Bartel, Carl Bressler, Phillipe Simon, Jack Shearer, Christine Estabrook, Clark Gregg, Morgan Hunter, Ken Daly",Crime,"Korean Friendship Bell, Angel's Gate Park - 3601 Gaffey Street, San Pedro, Los Angeles, California, USA",6000000,23341568,"United States",52
Casablanca,8.5,1943,January,PG,"1h 42m","Michael Curtiz","Humphrey Bogart, Ingrid Bergman, Paul Henreid, Claude Rains, Conrad Veidt, Sydney Greenstreet, Peter Lorre, S.Z. Sakall, Madeleine Lebeau, Dooley Wilson, Joy Page, John Qualen, Leonid Kinskey, Curt Bois, Abdullah Abbas, Enrique Acosta, Ed Agresti, Arnet Amos",Drama,"Waterman Drive, Van Nuys, Los Angeles, California, USA(airport runway)",950000,4219709,"United States",53
"The Intouchables",8.5,2011,November,R,"1h 52m","Olivier NakacheÉric Toledano","François Cluzet, Omar Sy, Anne Le Ny, Audrey Fleurot, Joséphine de Meaux, Clotilde Mollet, Alba Gaïa Bellugi, Cyril Mendy, Salimata Kamate, Absa Diatou Toure, Grégoire Oestermann, Dominique Daguier, François Caron, Christian Ameri, Thomas Solivérès, Dorothée Brière, Marie-Laure Descoureaux, Émilie Caen",Comedy,"Cabourg, Calvados, France",9500000,10198820,France,54
"Modern Times",8.5,1936,February,G,"1h 27m","Charles Chaplin","Charles Chaplin, Paulette Goddard, Henry Bergman, Tiny Sandford, Chester Conklin, Hank Mann, Stanley Blystone, Al Ernest Garcia, Richard Alexander, Cecil Reynolds, Mira McKinney, Murdock MacQuarrie, Wilfred Lucas, Edward LeSaint, Fred Malatesta, Sammy Stein, Juana Sutton, Ted Oliver",Comedy,"Sierra Hwy. & Penman Rd., Santa Clarita, California, USA(Ending-The Road)",1500000,163577,"United States",55
"Cinema Paradiso",8.5,1990,February,PG,"2h 54m","Giuseppe Tornatore","Philippe Noiret, Enzo Cannavale, Antonella Attili, Isa Danieli, Leo Gullotta, Marco Leonardi, Pupella Maggio, Agnese Nano, Leopoldo Trieste, Salvatore Cascio, Tano Cimarosa, Nicola Di Pinto, Roberta Lena, Nino Terzo, Jacques Perrin, Nellina Laganà, Turi Giuffrida, Mariella Lo Giudice",Drama,"Cefalù, Palermo, Sicily, Italy(film screening in the port, Elena's house at Via Umberto I°, 3)",5000000,12397210,Italy,56
"Rear Window",8.5,1954,September,PG,"1h 52m","Alfred Hitchcock","James Stewart, Grace Kelly, Wendell Corey, Thelma Ritter, Raymond Burr, Judith Evelyn, Ross Bagdasarian, Georgine Darcy, Sara Berner, Frank Cady, Jesslyn Fax, Rand Harper, Irene Winston, Havis Davenport, Jerry Antes, Barbara Bailey, Benny Bartlett, Nick Borgani",Mystery,"Stage 18, Paramount Studios - 5555 Melrose Avenue, Hollywood, Los Angeles, California, USA(Exterior court yard apartment complex)",1000000,36764313,"United States",57
"Eternal Sunshine of the Spotless Mind",8.3,2004,March,R,"1h 48m","Michel Gondry","Jim Carrey, Kate Winslet, Tom Wilkinson, Gerry Robert Byrne, Elijah Wood, Thomas Jay Ryan, Mark Ruffalo, Jane Adams, David Cross, Kirsten Dunst, Ryan Whitney, Debbon Ayer, Amir Ali Said, Brian Price, Paulie Litt, Josh Flitter, Lola Daehler, Deirdre O'Connell",Drama,"Montauk, New York, USA",20000000,34400301,"United States",58
"The Hunt",8.3,2013,January,R,"1h 55m","Thomas Vinterberg","Mads Mikkelsen, Thomas Bo Larsen, Annika Wedderkopp, Lasse Fogelstrøm, Susse Wold, Anne Louise Hassing, Lars Ranthe, Alexandra Rapaport, Sebastian Bull, Steen Ordell Guldbrand Jensen, Daniel Engstrup, Troels Thorsen, Søren Rønholt, Hana Shuan, Jytte Kvinesdal, Josefine Gråbøl, Bjarne Henriksen, Nicolai Dahl Hamilton",Drama,"Høje Taastrup Kirke, Taastrup, Denmark(church)",0,613308,Denmark,59
"2001: A Space Odyssey",8.3,1968,May,G,"2h 29m","Stanley Kubrick","Keir Dullea, Gary Lockwood, William Sylvester, Daniel Richter, Leonard Rossiter, Margaret Tyzack, Robert Beatty, Sean Sullivan, Douglas Rain, Frank W. Miller, Bill Weston, Ed Bishop, Glenn Beck, Alan Gifford, Ann Gillis, Edwina Carroll, Penny Brahms, Heather Downham",Adventure,"Isle of Harris, Western Isles, Scotland, UK(alien planet surface)",12000000,60481243,"United Kingdom",60
"Poor Things",8.4,2024,January,R,"2h 21m","Yorgos Lanthimos","Emma Stone, Mark Ruffalo, Willem Dafoe, Ramy Youssef, Jack Barton, Kathryn Hunter, Charlie Hiscock, Vicki Pepperdine, Christopher Abbott, Attila Dobai, Jerrod Carmichael, Emma Hindle, Suzy Bemba, Anders Olof Grundberg, Attila Kecskeméthy, Hanna Schygulla, Keeley Forsyth, Jucimar Barbosa",Comedy,Hungary,28716095,661230,Ireland,61
"Reservoir Dogs",8.3,1992,September,R,"1h 39m","Quentin Tarantino","Harvey Keitel, Tim Roth, Michael Madsen, Chris Penn, Steve Buscemi, Lawrence Tierney, Randy Brooks, Kirk Baltz, Edward Bunker, Quentin Tarantino, Rich Turner, David Steen, Tony Cosmo, Stevo Polyi, Michael Sottile, Robert Ruth, Lawrence Bender, Linda Kaye",Crime,"5860 North Figueroa Street, Highland Park, Los Angeles, California, USA(interiors: mortuary warehouse & Mr. Orange's second floor apartment)",1200000,2832029,"United States",62
Ikiru,8.3,1956,March,"Not Rated","2h 23m","Akira Kurosawa","Takashi Shimura, Nobuo Kaneko, Shin'ichi Himori, Haruo Tanaka, Minoru Chiaki, Miki Odagiri, Bokuzen Hidari, Minosuke Yamada, Kamatari Fujiwara, Makoto Kobori, Nobuo Nakamura, Atsushi Watanabe, Isao Kimura, Masao Shimizu, Yûnosuke Itô, Kumeko Urabe, Eiko Miyoshi, Noriko Honma",Drama,"Tokyo, Japan",60239,2149,Japan,63
"Lawrence of Arabia",8.3,1962,December,Approved,"3h 38m","David Lean","Peter O'Toole, Alec Guinness, Anthony Quinn, Jack Hawkins, Omar Sharif, José Ferrer, Anthony Quayle, Claude Rains, Arthur Kennedy, Donald Wolfit, I.S. Johar, Gamil Ratib, Michel Ray, John Dimech, Zia Mohyeddin, Howard Marion-Crawford, Jack Gwillim, Hugh Miller",Adventure,"Wadi Rum, Jordan(desert - red cliffs)",15000000,45306425,"United Kingdom",64
"The Apartment",8.3,1960,June,Approved,"2h 5m","Billy Wilder","Jack Lemmon, Shirley MacLaine, Fred MacMurray, Ray Walston, Jack Kruschen, David Lewis, Hope Holiday, Joan Shawlee, Naomi Stevens, Johnny Seven, Joyce Jameson, Willard Waterman, David White, Edie Adams, Dorothy Abbott, Bill Baldwin, Paul Bradley, Benny Burt",Comedy,"Majestic Theater, 247 West 44th Street, Manhattan, New York City, New York, USA",3000000,18600000,"United States",65
"Citizen Kane",8.3,1941,September,PG,"1h 59m","Orson Welles","Orson Welles, Joseph Cotten, Dorothy Comingore, Agnes Moorehead, Ruth Warrick, Ray Collins, Erskine Sanford, Everett Sloane, William Alland, Paul Stewart, George Coulouris, Fortunio Bonanova, Gus Schilling, Philip Van Zandt, Georgia Backus, Harry Shannon, Sonny Bupp, Buddy Swan",Drama,"Busch Gardens - S. Grove Avenue, Pasadena, California, USA(Xanadu Grounds, demolished)",839727,1627530,"United States",66
"North by Northwest",8.3,1959,December,Approved,"2h 16m","Alfred Hitchcock","Cary Grant, Eva Marie Saint, James Mason, Jessie Royce Landis, Leo G. Carroll, Josephine Hutchinson, Philip Ober, Martin Landau, Adam Williams, Edward Platt, Robert Ellenstein, Les Tremayne, Philip Coolidge, Patrick McVey, Edward Binns, Ken Lynch, Stanley Adams, John Alban",Action,"Garces Highway 1/10th mile East from Corcoran Road and Kern National Wildlife Preserve, Kern County, California, USA(cropduster attack)",3101000,66728,"United States",67
M,8.3,1931,August,Passed,"1h 39m","Fritz Lang","Peter Lorre, Ellen Widmann, Inge Landgut, Otto Wernicke, Theodor Loos, Gustaf Gründgens, Friedrich Gnaß, Fritz Odemar, Paul Kemp, Theo Lingen, Rudolf Blümner, Georg John, Franz Stein, Ernst Stahl-Nachbaur, Gerhard Bienert, Karl Platen, Rosa Valetti, Hertha von Walther",Crime,"Staaken, Spandau, Berlin, Germany",35566,6123,Germany,68
Vertigo,8.3,1963,May,PG,"2h 8m","Alfred Hitchcock","James Stewart, Kim Novak, Barbara Bel Geddes, Tom Helmore, Henry Jones, Raymond Bailey, Ellen Corby, Konstantin Shayne, Lee Patrick, David Ahdar, Isabel Analla, Jack Ano, Margaret Bacon, John Benson, Danny Borzage, Margaret Brayton, Paul Bryar, Boyd Cabeen",Mystery,"Fort Point, Presidio, Golden Gate National Recreation Area, San Francisco, California, USA(Madeleine's jump into the bay)",2479000,7705225,"United States",69
"Double Indemnity",8.3,1944,July,Passed,"1h 47m","Billy Wilder","Fred MacMurray, Barbara Stanwyck, Edward G. Robinson, Byron Barr, Porter Hall, Jean Heather, Tom Powers, Richard Gaines, Fortunio Bonanova, John Philliber, Lev Abramov, James Adamson, John Berry, Raymond Chandler, Edmund Cobb, Kernan Cripps, Betty Farrington, Bess Flowers",Crime,"6301 Quebec Drive, Hollywood Hills, Los Angeles, California, USA(Dietrichson house)",927262,18090,"United States",70
Scarface,8.3,1983,December,18+,"2h 50m","Brian De Palma","Al Pacino, Michelle Pfeiffer, Steven Bauer, Mary Elizabeth Mastrantonio, Robert Loggia, Miriam Colon, F. Murray Abraham, Paul Shenar, Harris Yulin, Ángel Salazar, Arnaldo Santana, Pepe Serna, Michael P. Moran, Al Israel, Dennis Holahan, Mark Margolis, Michael Alldredge, Ted Beniades",Crime,"656 Park Ln, Santa Barbara, California, USA(Alejandro Sosa's Bolivian Estate)",25000000,45967303,"United States",71
Amélie,8.3,2002,February,R,"2h 2m","Jean-Pierre Jeunet","Audrey Tautou, Mathieu Kassovitz, Rufus, Lorella Cravotta, Serge Merlin, Jamel Debbouze, Clotilde Mollet, Claire Maurier, Isabelle Nanty, Dominique Pinon, Artus de Penguern, Yolande Moreau, Urbain Cancelier, Maurice Bénichou, Michel Robin, Andrée Damant, Claude Perron, Armelle",Comedy,"Rue des Trois-Frères, Paris 18, Paris, France(Amelie's home)",10000000,33225499,France,72
Incendies,8.3,2011,January,R,"2h 11m","Denis Villeneuve","Lubna Azabal, Mélissa Désormeaux-Poulin, Maxim Gaudette, Mustafa Kamel, Hussein Sami, Rémy Girard, Dominique Briand, Frédéric Paquet, Hamed Najem, Ahmad Massad, Bader Alami, Majida Hussein, Asriah Nijres, John Dunn-Hill, Nadia Essadiqi, Chaouki Charbel, Axel Garbi, Amine Benzenine",Drama,"Amman, Jordan",6800000,2071334,Canada,73
"Full Metal Jacket",8.3,1987,July,R,"1h 56m","Stanley Kubrick","Matthew Modine, R. Lee Ermey, Vincent D'Onofrio, Adam Baldwin, Dorian Harewood, Kevyn Major Howard, Arliss Howard, Ed O'Ross, John Terry, Kieron Jecchinis, Kirk Taylor, Tim Colceri, Jon Stafford, Bruce Boa, Ian Tyler, Sal Lopez, Gary Landon Mills, Papillon Soo",Drama,"Isle of Dogs, London, Greater London, England, UK(Da Nang scenes)",30000000,46357676,"United Kingdom",74
"A Clockwork Orange",8.3,1972,February,X,"2h 16m","Stanley Kubrick","Malcolm McDowell, Patrick Magee, Michael Bates, Warren Clarke, John Clive, Adrienne Corri, Carl Duering, Paul Farrell, Clive Francis, Michael Gover, Miriam Karlin, James Marcus, Aubrey Morris, Godfrey Quigley, Sheila Raynor, Madge Ryan, John Savident, Anthony Sharp",Crime,"Binsey Walk, Southmere Lake, Thamesmead South, London, England, UK(Alex puts Dim in water - houses demolished)",2200000,26617553,"United Kingdom",75
Heat,8.3,1995,December,R,"2h 50m","Michael Mann","Al Pacino, Robert De Niro, Val Kilmer, Jon Voight, Tom Sizemore, Diane Venora, Amy Brenneman, Ashley Judd, Mykelti Williamson, Wes Studi, Ted Levine, Dennis Haysbert, William Fichtner, Natalie Portman, Tom Noonan, Kevin Gage, Hank Azaria, Susan Traylor",Action,"1219 Dodds Circle, East Los Angeles, California, USA(Trejo's pad)",60000000,67436818,"United States",76
Up,8.3,2009,May,PG,"1h 36m","Pete DocterBob Peterson","Edward Asner, Jordan Nagai, John Ratzenberger, Christopher Plummer, Bob Peterson, Delroy Lindo, Jerome Ranft, David Kaye, Elie Docter, Jeremy Leary, Mickie McGowan, Danny Mann, Donald Fullilove, Jess Harnell, Josh Cooley, Pete Docter, Mark Andrews, Bob Bergen",Animation,"Pixar Animation Studios - 1200 Park Avenue, Emeryville, California, USA",175000000,293004164,"United States",77
"To Kill a Mockingbird",8.3,1963,March,Approved,"2h 9m","Robert Mulligan","Gregory Peck, John Megna, Frank Overton, Rosemary Murphy, Ruth White, Brock Peters, Estelle Evans, Paul Fix, Collin Wilcox Paxton, James Anderson, Alice Ghostley, Robert Duvall, William Windom, Crahan Denton, Richard Hale, Mary Badham, Phillip Alford, R.L. Armstrong",Crime,"Monroeville, Alabama, USA",2000000,592237,"United States",78
"The Sting",8.3,1973,December,PG,"2h 9m","George Roy Hill","Paul Newman, Robert Redford, Robert Shaw, Charles Durning, Ray Walston, Eileen Brennan, Harold Gould, John Heffernan, Dana Elcar, Jack Kehoe, Dimitra Arliss, Robert Earl Jones, James Sloyan, Charles Dierkop, Lee Paul, Sally Kirkland, Avon Long, Arch Johnson",Comedy,"Union Station - Canal St. & Jackson Blvd., Near West Side, Chicago, Illinois, USA",5500000,156000000,"United States",79
"Indiana Jones and the Last Crusade",8.2,1989,May,PG-13,"2h 7m","Steven Spielberg","Harrison Ford, Sean Connery, Alison Doody, Denholm Elliott, John Rhys-Davies, Julian Glover, River Phoenix, Michael Byrne, Kevork Malikyan, Robert Eddison, Richard Young, Alexei Sayle, Alex Hyde-White, Paul Maxwell, Isla Blair, Vernon Dobtcheff, J.J. Hardy, Bradley Gregg",Action,"Moab, Utah, USA",48000000,197171806,"United States",80
"Die Hard",8.2,1988,July,R,"2h 12m","John McTiernan","Bruce Willis, Alan Rickman, Bonnie Bedelia, Reginald VelJohnson, Paul Gleason, De'voreaux White, William Atherton, Hart Bochner, James Shigeta, Alexander Godunov, Bruno Doyon, Andreas Wisniewski, Clarence Gilyard Jr., Joseph Plewa, Lorenzo Caccialanza, Gérard Bonn, Dennis Hayden, Al Leong",Action,"Fox Plaza - 2121 Avenue of the Stars, Century City, Los Angeles, California, USA(Nakatomi building, interiors filmed on the 29th and 35th floors)",28000000,85892546,"United States",81
Hamilton,8.3,2020,July,PG-13,"2h 40m","Thomas Kail","Lin-Manuel Miranda, Phillipa Soo, Leslie Odom Jr., Renée Elise Goldsberry, Daveed Diggs, Jonathan Groff, Chris Jackson, Jasmine Cephas Jones, Okieriete Onaodowan, Anthony Ramos, Carleigh Bettiol, Ariana DeBose, Hope Easterbrook, Sydney James Harcourt, Sasha Hutchings, Thayne Jasperson, Elizabeth Judd, Jon Rua",Biography,"Richard Rodgers Theatre - 226 W. 46th Street, Manhattan, New York City, New York, USA",0,0,"United States",82
"Once Upon a Time in the West",8.5,1969,July,PG-13,"2h 46m","Sergio Leone","Henry Fonda, Charles Bronson, Claudia Cardinale, Jason Robards, Gabriele Ferzetti, Paolo Stoppa, Woody Strode, Jack Elam, Keenan Wynn, Frank Wolff, Lionel Stander, Livio Andronico, Salvatore Basile, Aldo Berti, Joseph Bradley, Frank Braña, Marilù Carteny, Saturno Cerra",Western,"Monument Valley, Arizona, USA",5000000,5321508,Italy,83
Logan,8.1,2017,March,R,"2h 17m","James Mangold","Hugh Jackman, Patrick Stewart, Dafne Keen, Boyd Holbrook, Stephen Merchant, Elizabeth Rodriguez, Richard E. Grant, Eriq La Salle, Elise Neal, Quincy Fouse, Al Coronel, Frank Gallegos, Anthony Escobar, Reynaldo Gallegos, Krzysztof Soszynski, Stephen Dunlevy, Daniel Bernhardt, Ryan Sturz",Action,"Just outside Northern Meadows community, Rio Rancho, New Mexico, USA",97000000,226277068,"United States",84
Spotlight,8.1,2015,November,R,"2h 9m","Tom McCarthy","Mark Ruffalo, Michael Keaton, Rachel McAdams, Liev Schreiber, John Slattery, Brian d'Arcy James, Stanley Tucci, Elena Wohl, Gene Amoroso, Doug Murray, Sharon McFarlane, Jamey Sheridan, Neal Huff, Billy Crudup, Robert B. Kennedy, Duane Murray, Brian Chamberlain, Michael Cyril Creighton",Biography,"Boston Massachusetts, USA(Boston general views and some street scenes)",20000000,45055776,"United States",85
Platoon,8.1,1987,February,R,2h,"Oliver Stone","Charlie Sheen, Tom Berenger, Willem Dafoe, Keith David, Forest Whitaker, Francesco Quinn, Kevin Dillon, John C. McGinley, Reggie Johnson, Mark Moses, Corey Glover, Johnny Depp, Chris Pedersen, Bob Orwig, Corkey Ford, David Neidorf, Richard Edson, Tony Todd",Drama,Philippines,6000000,138530565,"United States",86
"The Terminator",8.1,1984,October,R,"1h 47m","James Cameron","Arnold Schwarzenegger, Linda Hamilton, Michael Biehn, Paul Winfield, Lance Henriksen, Rick Rossovich, Bess Motta, Earl Boen, Dick Miller, Shawn Schepps, Bruce M. Kerner, Franco Columbu, Bill Paxton, Brad Rearden, Brian Thompson, William Wisher, Ken Fritz, Tom Oberhaus",Action,"720 S Hill Street, Los Angeles, California, USA(Tech Noir)",6400000,38371200,"United Kingdom",87
"The Passion of Joan of Arc",8.1,1928,October,Passed,"1h 54m","Carl Theodor Dreyer","Maria Falconetti, Eugene Silvain, André Berley, Maurice Schutz, Antonin Artaud, Michel Simon, Jean d'Yd, Louis Ravet, Armand Lurville, Jacques Arnna, Alexandre Mihalesco, Léon Larive, Jean Aymé, Camille Bardou, Gilbert Dacheux, Gilbert Dalleu, Paul Delauzac, Dimitri Dimitriev",Biography,"Boulogne-Billancourt, Hauts-de-Seine, France(Studio)",21877,6408,France,88
"Jai Bhim",8.7,2021,November,TV-MA,"2h 44m","T.J. Gnanavel","Suriya, Lijo Mol Jose, Manikandan K., Rajisha Vijayan, Prakash Raj, Rao Ramesh, Guru Somasundaram, M.S. Bhaskar, V. Jayaprakash, Sibi Thomas, Ilavarasu, Jayarao, Sujatha Sivakumar, Ravi Venkatraman, Tamizh, Kumaravel, Supergood Subramani, Bala Hasan",Crime,,0,0,India,89
"Before Sunset",8.1,2004,July,R,"1h 20m","Richard Linklater","Ethan Hawke, Julie Delpy, Vernon Dobtcheff, Louise Lemoine Torrès, Rodolphe Pauly, Mariane Plasteig, Diabolo, Denis Evrard, Albert Delpy, Marie Pillet",Drama,"Seine River, Paris, France",2700000,5820649,France,90
"The Best Years of Our Lives",8.1,1947,May,Approved,"2h 50m","William Wyler","Myrna Loy, Dana Andrews, Fredric March, Teresa Wright, Virginia Mayo, Cathy O'Donnell, Hoagy Carmichael, Harold Russell, Gladys George, Roman Bohnen, Ray Collins, Minna Gombell, Walter Baldwin, Steve Cochran, Dorothy Adams, Don Beddoe, Marlene Aames, Charles Halton",Drama,"Ontario International Airport - 2900 E. Airport Drive, Ontario, California, USA(Airplane graveyard)",2100000,23650000,"United States",91
"La haine",8.1,1996,February,"Not Rated","1h 38m","Mathieu Kassovitz","Vincent Cassel, Hubert Koundé, Saïd Taghmaoui, Abdel Ahmed Ghili, Solo, Joseph Momo, Héloïse Rauth, Rywka Wajsbrot, Olga Abrego, Laurent Labasse, Choukri Gabteni, Nabil Ben Mhamed, Benoît Magimel, Médard Niang, Arash Mansour, Abdel-Moulah Boujdouni, Mathilde Vitry, Christian Moro",Crime,"Chanteloup-les-Vignes, Yvelines, France(Cité des Muguets, Cité La Noé)",2590000,280859,France,92
Rush,8.1,2013,September,R,"2h 3m","Ron Howard","Daniel Brühl, Chris Hemsworth, Olivia Wilde, Alexandra Maria Lara, Pierfrancesco Favino, David Calder, Natalie Dormer, Stephen Mangan, Christian McKay, Alistair Petrie, Julian Rhind-Tutt, Colin Stinton, Jamie de Courcey, Augusto Dallara, Ilario Calvo, Patrick Baladi, Vincent Riotta, Martin Savage",Action,"Nürburgring, Rhineland-Palatinate, Germany",38000000,26947624,"United Kingdom",93
"The Exorcist",8.1,1973,December,R,"2h 2m","William Friedkin","Ellen Burstyn, Max von Sydow, Linda Blair, Lee J. Cobb, Kitty Winn, Jack MacGowran, Jason Miller, William O'Malley, Barton Heyman, Peter Masterson, Rudolf Schündler, Gina Petrushka, Robert Symonds, Arthur Storch, Thomas Bermingham, Vasiliki Maliaros, Titos Vandis, John Mahon",Horror,"Mosul, Iraq",11000000,233005644,"United States",94
Network,8.1,1976,November,R,"2h 1m","Sidney Lumet","Faye Dunaway, William Holden, Peter Finch, Robert Duvall, Wesley Addy, Ned Beatty, Arthur Burghardt, Bill Burrows, John Carpenter, Jordan Charney, Kathy Cronkite, Ed Crowley, Jerome Dempsey, Conchata Ferrell, Gene Gross, Stanley Grover, Cindy Grover, Darryl Hickman",Drama,"CFTO-TV Studios, Scarborough, Toronto, Ontario, Canada(Control room and news studio scenes)",3800000,23689877,"United States",95
"Pirates of the Caribbean: The Curse of the Black Pearl",8.1,2003,July,PG-13,"2h 23m","Gore Verbinski","Johnny Depp, Geoffrey Rush, Orlando Bloom, Keira Knightley, Jack Davenport, Jonathan Pryce, Lee Arenberg, Mackenzie Crook, Damian O'Hare, Giles New, Angus Barnett, David Bailie, Michael Berry Jr., Isaac C. Singleton Jr., Kevin McNally, Treva Etienne, Zoe Saldana, Guy Siner",Action,"Samana, Dominican Republic",140000000,305413918,"United States",96
"Stand by Me",8.1,1986,August,R,"1h 29m","Rob Reiner","Wil Wheaton, River Phoenix, Corey Feldman, Jerry O'Connell, Kiefer Sutherland, Casey Siemaszko, Gary Riley, Bradley Gregg, Jason Oliver Lipsett, Marshall Bell, Frances Lee McCain, Bruce Kirby, William Bronder, Scott Beach, Richard Dreyfuss, John Cusack, Madeleine Swift, Popeye",Adventure,"Eagle Mountain Ln, Burney, California, USA(trestle bridge)",8000000,52287414,"United States",97
"The Wizard of Oz",8.1,1939,August,G,"1h 42m","Victor FlemingKing Vidor","Judy Garland, Frank Morgan, Ray Bolger, Bert Lahr, Jack Haley, Billie Burke, Margaret Hamilton, Charley Grapewin, Pat Walshe, Clara Blandick, Terry, The Singer Midgets, Gladys W. Allison, John Ballas, Franz Balluck, Josefine Balluck, John T. Bambury, Dorothy Barrett",Adventure,"Stage 28, Sony Pictures Studios - 10202 W. Washington Blvd., Culver City, California, USA(Witch's castle drawbridge; Wash and Brush Up Company; Witch's entrance hall; Witch's tower room; Yellow Brick Road montage song)",2777000,24668669,"United States",98
"The Incredibles",8,2004,November,PG,"1h 55m","Brad Bird","Craig T. Nelson, Samuel L. Jackson, Holly Hunter, Jason Lee, Dominique Louis, Teddy Newton, Jean Sincere, Eli Fucile, Maeve Andrews, Wallace Shawn, Spencer Fox, Lou Romano, Wayne Canney, Sarah Vowell, Michael Bird, Elizabeth Peña, Bud Luckey, Brad Bird",Animation,"Walt Disney Feature Animation - 500 S. Buena Vista Street, Burbank, California, USA",92000000,261441092,"United States",99
"Into the Wild",8.1,2007,October,R,"2h 28m","Sean Penn","Emile Hirsch, Vince Vaughn, Catherine Keener, Marcia Gay Harden, William Hurt, Jena Malone, Brian H. Dierker, Kristen Stewart, Hal Holbrook, Jim Gallien, James O'Neill, Malinda McCollum, Paul Knauls, Zach Galifianakis, Craig Mutsch, Jim Beidler, John Decker, John Hofer",Adventure,"Astoria, Oregon, USA",15000000,18354356,"United States",100
"Hachi: A Dog's Tale",8.1,2010,March,G,"1h 33m","Lasse Hallström","Richard Gere, Joan Allen, Cary-Hiroyuki Tagawa, Sarah Roemer, Jason Alexander, Erick Avari, Davenia McFadden, Robbie Sublett, Kevin DeCoste, Rob Degnan, Tora Hallström, Donna Sorbello, Frank S. Aronson, Troy Doherty, Ian Sherman, Timothy Crowe, Denece Ryland, Blake Friedman",Biography,"Rhode Island, USA",16000000,46749646,"United Kingdom",101
"The Handmaiden",8.1,2017,September,"Not Rated","2h 25m","Park Chan-wook","Kim Min-hee, Ha Jung-woo, Cho Jin-woong, Moon So-ri, Kim Tae-ri, Lee Yong-nyeo, Yoo Min-chae, Lee Dong-hwi, Kim Hae-sook, Lee Kyu-jung, Kim Si-eun, Ha Si-yeon, Rina Takagi, Won Geun-hee, Kim Jong-dae, Jang Han-sun, Kim Eun-yeong, Kim Ri-woo",Drama,"Nagoya, Aichi, Japan",0,2006788,"South Korea",102
"To Be or Not to Be",8.1,1942,March,Passed,"1h 39m","Ernst Lubitsch","Carole Lombard, Jack Benny, Robert Stack, Felix Bressart, Lionel Atwill, Stanley Ridges, Sig Ruman, Tom Dugan, Charles Halton, George Lynn, Henry Victor, Maude Eburne, Halliwell Hobbes, Miles Mander, Rudolph Anders, Paul Barrett, Sven Hugo Borg, Danny Borzage",Comedy,,3270000,4578000,"United States",103
"My Father and My Son",8.2,2005,November,"Not Rated","1h 52m","Çagan Irmak","Çetin Tekindor, Fikret Kuskan, Hümeyra, Ege Tanman, Serif Sezer, Yetkin Dikinciler, Binnur Kaya, Mahmut Gökgöz, Nergis Çorakçi, Bilge Sen, Tuba Büyüküstün, Özge Özberk, Erdal Tosun, Halit Ergenç, Tugyan Akay Kavukçu, Ege Kaya, Muzaffer Demirel, Burak Akçakaya",Drama,"Seferihisar, Turkey",18612999,0,Turkey,104
"Groundhog Day",8,1993,February,PG,"1h 41m","Harold Ramis","Bill Murray, Andie MacDowell, Chris Elliott, Stephen Tobolowsky, Brian Doyle-Murray, Marita Geraghty, Angela Paton, Rick Ducommun, Rick Overton, Robin Duke, Carol Bivins, Willie Garson, Ken Hudson Campbell, Les Podewell, Rod Sell, Tom Milanovich, John M. Watson Sr., Peggy Roeder",Comedy,"344 Fremont St, Woodstock, Illinois, USA(Bed & Breakfast)",14600000,71107962,"United States",105
"The Grapes of Wrath",8.1,1940,March,Passed,"2h 9m","John Ford","Henry Fonda, Jane Darwell, John Carradine, Charley Grapewin, Dorris Bowdon, Russell Simpson, O.Z. Whitehead, John Qualen, Eddie Quillan, Zeffie Tilbury, Frank Sully, Frank Darien, Darryl Hickman, Shirley Mills, Roger Imhof, Grant Mitchell, Charles D. Brown, John Arledge",Drama,"Santa Rosa, New Mexico, USA(service station, diner, bridge, train sequence)",800000,0,"United States",106
"The Battle of Algiers",8.1,1967,September,"Not Rated","2h 1m","Gillo Pontecorvo","Brahim Hadjadj, Jean Martin, Yacef Saadi, Samia Kerbash, Ugo Paletti, Fusia El Kader, Mohamed Ben Kassen, Franco Moruzzi, Tommaso Neri, Rouïched, Gene Wesson",Drama,"Casbah, Algiers, Algeria",800000,879794,Italy,107
"The Sound of Music",8.1,1965,April,G,"2h 52m","Robert Wise","Julie Andrews, Christopher Plummer, Eleanor Parker, Richard Haydn, Peggy Wood, Charmian Carr, Heather Menzies-Urich, Nicholas Hammond, Duane Chase, Angela Cartwright, Debbie Turner, Kym Karath, Anna Lee, Portia Nelson, Ben Wright, Daniel Truhitte, Norma Varden, Gilchrist Stuart",Biography,"Felsenreitschule, Salzburg, Austria(music festival scenes)",8200000,159287539,"United States",108
"Amores Perros",8.1,2001,April,R,"2h 34m","Alejandro G. Iñárritu","Emilio Echevarría, Gael García Bernal, Goya Toledo, Álvaro Guerrero, Vanessa Bauche, Jorge Salinas, Marco Pérez, Rodrigo Murray, Humberto Busto, Gerardo Campbell, Rosa María Bianchi, Dunia Saldívar, Adriana Barraza, José Sefami, Lourdes Echevarría, Laura Almela, Ricardo Dalmacci, Gustavo Sánchez Parra",Drama,"Colonia Condesa, Mexico City, Distrito Federal, Mexico",2000000,5408467,Mexico,109
Rebecca,8.1,1940,April,Approved,"2h 10m","Alfred Hitchcock","Laurence Olivier, Joan Fontaine, George Sanders, Judith Anderson, Nigel Bruce, Reginald Denny, C. Aubrey Smith, Gladys Cooper, Florence Bates, Melville Cooper, Leo G. Carroll, Leonard Carey, Lumsden Hare, Edward Fielding, Philip Winter, Forrester Harvey, Bunny Beatty, Billy Bevan",Drama,"Big Sur, California, USA",1288000,112282,"United States",110
"Cool Hand Luke",8.1,1967,November,GP,"2h 7m","Stuart Rosenberg","Paul Newman, George Kennedy, Strother Martin, J.D. Cannon, Lou Antonio, Robert Drivas, Jo Van Fleet, Clifton James, Morgan Woodward, Luke Askew, Marc Cavell, Richard Davalos, Robert Donner, Warren Finnerty, Dennis Hopper, John McLiam, Wayne Rogers, Harry Dean Stanton",Crime,"Jacksonville, Florida, USA",3200000,126,"United States",111
"The Iron Giant",8.1,1999,August,PG,"1h 26m","Brad Bird","Eli Marienthal, Harry Connick Jr., Jennifer Aniston, Vin Diesel, James Gammon, Cloris Leachman, Christopher McDonald, John Mahoney, M. Emmet Walsh, Jack Angel, Bob Bergen, Mary Kay Bergman, Michael Bird, Devon Cole Borisoff, Rodger Bumpass, Robert Clotworthy, Jennifer Darling, Zack Eginton",Animation,"Los Angeles, California, USA",70000000,23315035,"United States",112
"The Help",8.1,2011,August,PG-13,"2h 26m","Tate Taylor","Viola Davis, Emma Stone, Octavia Spencer, Bryce Dallas Howard, Jessica Chastain, Ahna O'Reilly, Allison Janney, Anna Camp, Eleanor Henry, Emma Henry, Christopher Lowell, Cicely Tyson, Mike Vogel, Sissy Spacek, Brian Kerwin, Wes Chatham, Aunjanue Ellis-Taylor, Ted Welch",Drama,"Greenwood, Mississippi, USA",25000000,169708112,"United States",113
"It Happened One Night",8.1,1934,February,Passed,"1h 45m","Frank Capra","Clark Gable, Claudette Colbert, Walter Connolly, Roscoe Karns, Jameson Thomas, Alan Hale, Arthur Hoyt, Blanche Friderici, Charles C. Wilson, Ernie Adams, Jessie Arnold, Irving Bacon, William Bailey, William Begg, William A. Boardway, Ward Bond, Harry C. Bradley, George P. Breakston",Comedy,"Busch Gardens - S. Grove Avenue, Pasadena, California, USA(Andrews estate)",325000,11477,"United States",114
"The 400 Blows",8.1,1959,November,"Not Rated","1h 39m","François Truffaut","Jean-Pierre Léaud, Albert Rémy, Claire Maurier, Guy Decomble, Georges Flamant, Patrick Auffay, Daniel Couturier, François Nocher, Richard Kanayan, Renaud Fontanarosa, Michel Girard, Serge Moati, Bernard Abbou, Jean-François Bergouignan, Michel Lesignor, Luc Andrieux, Robert Beauvais, Bouchon",Crime,"Pigalle, Paris 9, Paris, France(location)",509,11206,France,115
Aladdin,8,1992,November,G,"1h 30m","Ron ClementsJohn Musker","Scott Weinger, Robin Williams, Linda Larkin, Jonathan Freeman, Frank Welker, Gilbert Gottfried, Douglas Seale, Charlie Adler, Jack Angel, Corey Burton, Philip L. Clarke, Jim Cummings, Jennifer Darling, Debi Derryberry, Bruce Gooch, Jerry Houser, Vera Lockwood, Sherry Lynn",Animation,"Walt Disney Feature Animation - 500 S. Buena Vista Street, Burbank, California, USA",28000000,217350219,"United States",116
"Dances with Wolves",8,1990,November,PG-13,"3h 1m","Kevin Costner","Kevin Costner, Mary McDonnell, Graham Greene, Rodney A. Grant, Floyd 'Red Crow' Westerman, Tantoo Cardinal, Robert Pastorelli, Charles Rocket, Maury Chaykin, Jimmy Herman, Nathan Lee Chasing His Horse, Michael Spears, Jason R. Lone Hill, Tony Pierce, Doris Leader Charge, Tom Everett, Larry Joshua, Kirk Baltz",Adventure,"Badlands National Park, South Dakota, USA(Fort Hays to Fort Sedgewick Wagon journey)",22000000,184208848,"United States",117
Alien,8.5,1979,June,R,"1h 57m","Ridley Scott","Sigourney Weaver, Tom Skerritt, John Hurt, Veronica Cartwright, Harry Dean Stanton, Ian Holm, Yaphet Kotto, Bolaji Badejo, Helen Horton, Eddie Powell",Horror,"Shepperton Studios, Shepperton, Surrey, England, UK(Studio)",11000000,81900459,"United Kingdom",118
"City Lights",8.5,1931,March,G,"1h 27m","Charles Chaplin","Charles Chaplin, Virginia Cherrill, Florence Lee, Harry Myers, Al Ernest Garcia, Hank Mann, Johnny Aber, Jack Alexander, T.S. Alexander, Victor Alexander, Albert Austin, Harry Ayers, Eddie Baker, Henry Bergman, Edward Biby, Betty Blair, Buster Brodie, Jeanne Carpenter",Comedy,"Chaplin Studios - 1416 N. La Brea Avenue, Hollywood, Los Angeles, California, USA",1500000,19181,"United States",119
"Apocalypse Now",8.4,1979,August,R,"2h 27m","Francis Ford Coppola","Martin Sheen, Marlon Brando, Robert Duvall, Frederic Forrest, Sam Bottoms, Laurence Fishburne, Albert Hall, Harrison Ford, Dennis Hopper, G.D. Spradlin, Jerry Ziesmer, Scott Glenn, Bo Byers, James Keane, Kerry Rossall, Ron McQueen, Tom Mason, Cynthia Wood",Drama,"Baler Bay, Baler, Aurora, Philippines(beach with soldiers surfing)",31500000,96042913,"United States",120
"Django Unchained",8.5,2012,December,R,"2h 45m","Quentin Tarantino","Jamie Foxx, Christoph Waltz, Leonardo DiCaprio, Kerry Washington, Samuel L. Jackson, Walton Goggins, Dennis Christopher, James Remar, David Steen, Dana Gourrier, Nichole Galicia, Laura Cayouette, Ato Essandoh, Sammi Rotibi, Clay Donahue Fontenot, Escalante Lundy, Miriam F. Glover, Don Johnson",Drama,"Evergreen Plantation, 4677 Highway 18, Edgard, Louisiana, USA",100000000,162805434,"United States",121
Memento,8.4,2001,May,R,"1h 53m","Christopher Nolan","Guy Pearce, Carrie-Anne Moss, Joe Pantoliano, Mark Boone Junior, Russ Fega, Jorja Fox, Stephen Tobolowsky, Harriet Sansom Harris, Thomas Lennon, Callum Keith Rennie, Kimberly Campbell, Marianne Muellerleile, Larry Holden, Stephanie Searson, Buzz Visconti",Mystery,"Burbank, California, USA",9000000,25544867,"United States",122
WALL·E,8.4,2008,June,G,"1h 38m","Andrew Stanton","Ben Burtt, Elissa Knight, Jeff Garlin, Fred Willard, MacInTalk, John Ratzenberger, Kathy Najimy, Sigourney Weaver, Karleen Griffin, Kim Kopf, Niki McElroy, Garrett Palmer, Jessica Skelton, Kai Steel Smith, Michael Toy",Animation,"Walt Disney Animation Studios - 2100 Riverside Drive, Burbank, California, USA",180000000,223808164,"United States",123
"Raiders of the Lost Ark",8.4,1981,June,PG,"1h 55m","Steven Spielberg","Harrison Ford, Karen Allen, Paul Freeman, John Rhys-Davies, Ronald Lacey, Denholm Elliott, Alfred Molina, Wolf Kahler, Anthony Higgins, Vic Tablian, Don Fellows, William Hootkins, Bill Reimbold, Fred Sorenson, Patrick Durkin, Matthew Scurfield, Malcolm Weaver, Sonny Caldinez",Action,"Sidi Bouhlel, Tozeur, Tunisia(city of Cairo)",18000000,248159971,"United States",124
Metropolis,8.3,1927,March,"Not Rated","2h 33m","Fritz Lang","Brigitte Helm, Alfred Abel, Gustav Fröhlich, Rudolf Klein-Rogge, Fritz Rasp, Theodor Loos, Erwin Biswanger, Heinrich George, Fritz Alberti, Grete Berger, Olly Boeheim, Max Dietze, Ellen Frey, Beatrice Garga, Heinrich Gotho, Dolly Grey, Anny Hintze, Gottfried Huppertz",Drama,"Berlin, Germany",0,1236166,Germany,125
"Like Stars on Earth",8.3,2007,December,PG,"2h 42m","Aamir KhanAmole Gupte","Darsheel Safary, Aamir Khan, Tanay Chheda, Sachet Engineer, Tisca Chopra, Vipin Sharma, Lalitha Lajmi, Girija Oak, Ravi Khanvilkar, Pratima V. Kulkarni, Meghna Malik, Sonali Sachdev, Sanjay Dadhich, Rajgopal Iyer, Bugs Bhargava Krishna, Shankar Sachdev, M.K. Raina, Gurkirtan",Drama,"Panchgani, Maharashtra, India(New Era High School)",1223869,352568,India,126
Snatch,8.2,2001,January,R,"1h 42m","Guy Ritchie","Jason Statham, Brad Pitt, Stephen Graham, Vinnie Jones, Ade, William Beck, Andy Beckwith, Ewen Bremner, Jason Buckham, Mickey Cantwell, Nicola Collins, Teena Collins, Charles Cork, James Cunningham, Sorcha Cusack, Mickey Dee, Benicio Del Toro, Sam Douglas",Comedy,"Hatton Garden, Clerkenwell, London, Greater London, England, UK(as Ye Olde Mitre Tavern/Doug's diamond store)",6000000,30328156,"United Kingdom",127
"Bicycle Thieves",8.3,1949,December,"Not Rated","1h 29m","Vittorio De Sica","Lamberto Maggiorani, Enzo Staiola, Lianella Carell, Elena Altieri, Gino Saltamerenda, Giulio Chiari, Vittorio Antonucci, Michele Sakara, Fausto Guerzoni, Emma Druetti, Carlo Jachino, Giulio Battiferri, Ida Bracci Dorati, Nando Bruno, Eolo Capritti, Memmo Carotenuto, Giovanni Corporale, Veriano Ginesi",Drama,"Citta Valmelaina, Via Salaria, Rome, Lazio, Italy",133000,371111,Italy,128
"L.A. Confidential",8.2,1997,September,R,"2h 18m","Curtis Hanson","Kevin Spacey, Russell Crowe, Guy Pearce, Kim Basinger, James Cromwell, Danny DeVito, David Strathairn, Ron Rifkin, Matt McCoy, Paul Guilfoyle, Paolo Seganti, Elisabeth Granli, Sandra Taylor, Steve Rankin, Graham Beckel, Allan Graf, Precious Chong, Symba",Crime,"Frolic Room - 6245 Hollywood Blvd., Hollywood, Los Angeles, California, USA",35000000,64616940,"United States",129
1917,8.2,2020,January,R,"1h 59m","Sam Mendes","Dean-Charles Chapman, George MacKay, Daniel Mays, Colin Firth, Pip Carter, Andy Apollo, Paul Tinto, Josef Davies, Billy Postlethwaite, Gabriel Akuwudike, Andrew Scott, Spike Leighton, Robert Maaser, Gerran Howell, Adam Hugill, Mark Strong, Richard McCabe, Benjamin Adams",Action,"Salisbury Plain, Wiltshire, England, UK(trench scenes & farm)",95000000,159227644,"United Kingdom",130
"Taxi Driver",8.2,1976,February,R,"1h 54m","Martin Scorsese","Robert De Niro, Jodie Foster, Cybill Shepherd, Albert Brooks, Diahnne Abbott, Frank Adu, Victor Argo, Gino Ardito, Garth Avery, Peter Boyle, Harry Cohn, Copper Cunningham, Brenda Dickson, Harry Fischler, Nat Grant, Leonard Harris, Richard Higgs, Beau Kayser",Crime,"87 Columbia Heights, Brooklyn, New York, USA(Travis is buying guns at an apartment in Brooklyn Heights)",1300000,28262574,"United States",131
Downfall,8.2,2005,April,R,"2h 36m","Oliver Hirschbiegel","Bruno Ganz, Alexandra Maria Lara, Ulrich Matthes, Juliane Köhler, Corinna Harfouch, Heino Ferch, Christian Berkel, Matthias Habich, Thomas Kretschmann, Michael Mendl, André Hennicke, Ulrich Noethen, Birgit Minichmayr, Rolf Kanies, Justus von Dohnányi, Dieter Mann, Christian Redl, Götz Otto",Biography,"St. Petersburg, Russia",13500000,5509040,Germany,132
Dangal,8.3,2016,December,"Not Rated","2h 41m","Nitesh Tiwari","Aamir Khan, Sakshi Tanwar, Fatima Sana Shaikh, Sanya Malhotra, Aparshakti Khurana, Zaira Wasim, Suhani Bhatnagar, Ritvik Sahore, Girish Kulkarni, Ravi Aneja, Anurag Arora, Mahesh Balraj, Vivan Bhatena, Anmol Charan, Karamveer Choudhary, Ishika Gagneja, Badrul Islam, Jagbir",Action,"Pune, Maharashtra, India",700000000,12391761,India,133
"For a Few Dollars More",8.2,1967,May,R,"2h 12m","Sergio Leone","Clint Eastwood, Lee Van Cleef, Gian Maria Volontè, Mara Krupp, Luigi Pistilli, Klaus Kinski, Luis Rodríguez, Benito Stefanelli, Panos Papadopulos, Aldo Sambrell, Roberto Camardiel, Joseph Egger, Tomás Blanco, Lorenzo Robledo, Dante Maggio, Sergio Mendizábal, Diana Rabito, Giovanni Tarallo",Drama,"Mini Hollywood, Tabernas, Almería, Andalucía, Spain(City of El Paso, bank scenes)",600000,15000000,Italy,134
Chinatown,8.1,1974,June,R,"2h 10m","Roman Polanski","Jack Nicholson, Faye Dunaway, John Huston, Perry Lopez, John Hillerman, Darrell Zwerling, Diane Ladd, Roy Jenson, Roman Polanski, Richard Bakalyan, Joe Mantell, Bruce Glover, Nandu Hinds, James O'Rear, James Hong, Beulah Quo, Jerry Fujikawa, Belinda Palmer",Drama,"Big Tujunga Wash at Foothill Blvd., Sunland, Los Angeles, California, USA(dry river bed)",6000000,29200000,"United States",135
Prisoners,8.1,2013,September,R,"2h 33m","Denis Villeneuve","Hugh Jackman, Jake Gyllenhaal, Viola Davis, Melissa Leo, Maria Bello, Terrence Howard, Paul Dano, Dylan Minnette, Zoë Soul, Erin Gerasimovich, Kyla-Drew, Wayne Duvall, Len Cariou, David Dastmalchian, Brad James, Anthony Reynolds, Robert C. Treveiler, Sandra Ellis Lafferty",Crime,"Conyers, Georgia, USA(Conyers, Milstead, Rockdale County)",46000000,61002302,"United States",136
"Dial M for Murder",8.2,1954,May,PG,"1h 45m","Alfred Hitchcock","Ray Milland, Grace Kelly, Robert Cummings, John Williams, Anthony Dawson, Leo Britt, Patrick Allen, George Leigh, George Alderson, Robin Hughes, Richard Bender, Robin Sanders Clark, Jack Cunningham, Robert Dobson, Guy Doleman, Bess Flowers, Robert Garvin, Herschel Graham",Crime,"Stage 5, Warner Brothers Burbank Studios - 4000 Warner Boulevard, Burbank, California, USA",1400000,24845,"United States",137
"Gone with the Wind",8.2,1940,January,Passed,"3h 58m","Victor FlemingGeorge CukorSam Wood","Clark Gable, Vivien Leigh, Thomas Mitchell, Barbara O'Neil, Evelyn Keyes, Ann Rutherford, George Reeves, Fred Crane, Hattie McDaniel, Oscar Polk, Butterfly McQueen, Victor Jory, Everett Brown, Howard Hickman, Alicia Rhett, Leslie Howard, Olivia de Havilland, Rand Brooks",Drama,"North Little Rock, Arkansas, USA(Mill in opening credits)",3977000,200882193,"United States",138
"V for Vendetta",8.2,2006,March,R,"2h 12m","James McTeigue","Hugo Weaving, Natalie Portman, Rupert Graves, Stephen Rea, Stephen Fry, John Hurt, Tim Pigott-Smith, Roger Allam, Ben Miles, Sinéad Cusack, Natasha Wightman, John Standing, Eddie Marsan, Clive Ashborn, Emma Field-Rayner, Ian Burfield, Mark Phoenix, Alister Mazzotti",Action,"Aldwych Underground Railway Station, Surrey Street, Aldwych, Westminster, Greater London, England, UK(on location)",54000000,70511035,"United States",139
"Lock, Stock and Two Smoking Barrels",8.1,1998,August,R,"1h 47m","Guy Ritchie","Jason Flemyng, Dexter Fletcher, Nick Moran, Jason Statham, Steven Mackintosh, Nicholas Rowe, Nick Marcq, Charles Forbes, Vinnie Jones, Lenny McLean, Peter McNicholl, P.H. Moriarty, Frank Harper, Steve Sweeney, Huggy Leaver, Ronnie Fox, Tony McMahon, Stephen Marcus",Action,"St John Street, London, Greater London, England, UK(JD's bar)",960000,3753929,"United Kingdom",140
"The Secret in Their Eyes",8.2,2010,May,R,"2h 9m","Juan José Campanella","Ricardo Darín, Soledad Villamil, Pablo Rago, Carla Quevedo, Javier Godino, Bárbara Palladino, Rudy Romano, Alejandro Abelenda, Mario Alarcón, Guillermo Francella, Sebastián Blanco, Mariano Argento, José Luis Gioia, Juan José Ortíz, Kiko Cerone, Fernando Pardo, Maximiliano Trento, Sergio Santana",Drama,"Estación Retiro, Retiro, Buenos Aires, Federal District, Argentina(interiors)",2000000,6391436,Argentina,141
"Raging Bull",8.1,1980,December,R,"2h 9m","Martin Scorsese","Robert De Niro, Cathy Moriarty, Joe Pesci, Frank Vincent, Nicholas Colasanto, Theresa Saldana, Mario Gallo, Frank Adonis, Joseph Bono, Frank Topham, Lori Anne Flax, Charles Scorsese, Don Dunphy, Bill Hanrahan, Rita Bennett, James V. Christy, Bernie Allen, Floyd Anderson",Biography,"Hell's Kitchen, Manhattan, New York City, New York, USA(exteriors: Jake's neighborhood in the Bronx)",18000000,23383987,"United States",142
"Inside Out",8.1,2015,June,PG,"1h 35m","Pete DocterRonnie Del Carmen","Amy Poehler, Bill Hader, Lewis Black, Mindy Kaling, Phyllis Smith, Richard Kind, Kaitlyn Dias, Diane Lane, Kyle MacLachlan, Paula Poundstone, Bobby Moynihan, Paula Pell, Dave Goelz, Frank Oz, Josh Cooley, Flea, John Ratzenberger, Carlos Alazraqui",Animation,"Pixar Animation Studios - 1200 Park Avenue, Emeryville, California, USA",175000000,356921711,"United States",143
"Three Billboards Outside Ebbing, Missouri",8.1,2017,December,R,"1h 55m","Martin McDonagh","Frances McDormand, Woody Harrelson, Sam Rockwell, Caleb Landry Jones, Kerry Condon, Alejandro Barrios, Clarke Peters, Darrell Britt-Gibson, Abbie Cornish, Riya May Atwood, Selah Atwood, Lucas Hedges, Zeljko Ivanek, Amanda Warren, Malaya Rivera Drew, Sandy Martin, Peter Dinklage, Christopher Berry",Comedy,"Black Mountain, North Carolina, USA(billboards on North Fork Left Fork Road)",15000000,54513740,"United Kingdom",144
Trainspotting,8.1,1996,August,R,"1h 33m","Danny Boyle","Ewan McGregor, Ewen Bremner, Jonny Lee Miller, Kevin McKidd, Robert Carlyle, Kelly Macdonald, Peter Mullan, James Cosmo, Eileen Nicholas, Susan Vidler, Pauline Lynch, Shirley Henderson, Stuart McQuarrie, Irvine Welsh, Dale Winton, Keith Allen, Kevin Allen, Annie Louise Ross",Drama,"Corrour Railway Station, Highland, Scotland, UK(on location)",1500000,16491080,"United Kingdom",145
"The Bridge on the River Kwai",8.1,1957,December,PG,"2h 41m","David Lean","William Holden, Alec Guinness, Jack Hawkins, Sessue Hayakawa, James Donald, Geoffrey Horne, André Morell, Peter Williams, John Boxer, Percy Herbert, Harold Goodwin, Ann Sears, Heihachirô Ôkawa, Keiichirô Katsumoto, M.R.B. Chakrabandhu, Vilaiwan Seeboonreaung, Ngamta Suphaphongs, Javanart Punynchoti",Adventure,"Ambepussa, Sri Lanka",3000000,27200000,"United Kingdom",146
"Spider-Man: No Way Home",8.2,2021,December,PG-13,"2h 28m","Jon Watts","Tom Holland, Zendaya, Benedict Cumberbatch, Jacob Batalon, Jon Favreau, Jamie Foxx, Willem Dafoe, Alfred Molina, Benedict Wong, Tony Revolori, Marisa Tomei, Andrew Garfield, Tobey Maguire, Angourie Rice, Arian Moayed, Paula Newsome, Hannibal Buress, Martin Starr",Action,Iceland,200000000,814115070,"United States",147
Fargo,8.1,1996,April,R,"1h 38m","Joel CoenEthan Coen","William H. Macy, Frances McDormand, Steve Buscemi, Peter Stormare, Kristin Rudrüd, Harve Presnell, Tony Denman, Gary Houston, Sally Wingert, Kurt Schweickhardt, Larissa Kokernot, Melissa Peterman, Steve Reevis, Warren Keith, Steve Edelman, Sharon Anderson, Larry Brandenburg, James Gaulke",Crime,"Fargo, North Dakota, USA(snow exteriors)",7000000,24611975,"United States",148
"Godzilla Minus One",8.3,2023,December,PG-13,"2h 4m","Takashi Yamazaki","Minami Hamabe, Ryunosuke Kamiki, Sakura Ando, Kuranosuke Sasaki, Hidetaka Yoshioka, Munetaka Aoki, Yuki Yamada, Rikako Miura, Michael Arias, Takato Yonemoto, Sae Nagatani, Ozuno Nakamura, Miou Tanaka, Yûya Endô, Kisuke Iida, Makoto Araki, Saori, Kenji Mizuhashi",Action,"Tokyo, Japan",15000000,56418793,Japan,149
Warrior,8.1,2011,September,PG-13,"2h 20m","Gavin O'Connor","Tom Hardy, Nick Nolte, Joel Edgerton, Jennifer Morrison, Frank Grillo, Kevin Dunn, Maximiliano Hernández, Bryan Callen, Sam Sheridan, Fernando Chien, Jake McLaughlin, Vanessa Martinez, Denzel Whitaker, Carlos Miranda, Nick Lehane, Laura Chinn, Capri Thomas, Lexi Cowan",Action,"Meadows Racetrack & Casino - 210 Racetrack Road, Washington, Pennsylvania, USA(casino scenes)",25000000,13657115,"United States",150
Klaus,8.2,2019,November,PG,"1h 36m","Sergio PablosCarlos Martínez López","Jason Schwartzman, J.K. Simmons, Rashida Jones, Will Sasso, Neda Margrethe Labba, Sergio Pablos, Norm MacDonald, Joan Cusack, Evan Agos, Sky Alexis, Jaeden Bettencourt, Teddy Blum, Mila Brener, Sydney Brower, Finn Carr, Kendall Joy Hall, Hailey Hermida, Lexie Holland",Animation,,40000000,0,Spain,151
"Catch Me If You Can",8.1,2002,December,PG-13,"2h 21m","Steven Spielberg","Leonardo DiCaprio, Tom Hanks, Christopher Walken, Martin Sheen, Nathalie Baye, Amy Adams, James Brolin, Brian Howe, Frank John Hughes, Steve Eastin, Chris Ellis, John Finn, Jennifer Garner, Nancy Lenehan, Ellen Pompeo, Elizabeth Banks, Guy Thauvette, Candice Azzara",Biography,"Alcatraz Prison, Alcatraz Island, San Francisco Bay, California, USA",52000000,164615351,"United States",152
"Gran Torino",8.1,2009,January,R,"1h 56m","Clint Eastwood","Clint Eastwood, Bee Vang, Christopher Carley, Ahney Her, Brian Haley, Geraldine Hughes, Dreama Walker, Brian Howe, John Carroll Lynch, William Hill, Brooke Chia Thao, Chee Thao, Choua Kue, Scott Eastwood, Xia Soua Chang, Sonny Vue, Doua Moua, Greg Trzaskoma",Drama,"Grosse Pointe Park, Michigan, USA",33000000,148095302,Germany,153
"My Neighbor Totoro",8.1,1990,July,G,"1h 26m","Hayao Miyazaki","Hitoshi Takagi, Noriko Hidaka, Chika Sakamoto, Shigesato Itoi, Sumi Shimamoto, Tanie Kitabayashi, Hiroko Maruyama, Machiko Washio, Reiko Suzuki, Masashi Hirose, Toshiyuki Amagasa, Shigeru Chiba, Naoki Tatsuta, Tarako, Tomohiro Nishimura, Mitsuko Ishida, Chie Kôjiro, Daiki Nakamura",Animation,,3700000,2250213,Japan,154
"Million Dollar Baby",8.1,2005,January,PG-13,"2h 12m","Clint Eastwood","Hilary Swank, Clint Eastwood, Morgan Freeman, Jay Baruchel, Mike Colter, Lucia Rijker, Brían F. O'Byrne, Anthony Mackie, Margo Martindale, Riki Lindhome, Michael Peña, Benito Martinez, Bruce MacVittie, David Powledge, Joe D'Angerio, Marcus Chait, Tom McCleister, Erica Grant",Drama,"Hollywood Athletic Club - 6525 W. Sunset Blvd., Hollywood, Los Angeles, California, USA",30000000,100492203,"United States",155
"Harry Potter and the Deathly Hallows: Part 2",8.1,2011,July,PG-13,"2h 10m","David Yates","Daniel Radcliffe, Emma Watson, Rupert Grint, Michael Gambon, Ralph Fiennes, Alan Rickman, Evanna Lynch, Domhnall Gleeson, Clémence Poésy, Warwick Davis, John Hurt, Helena Bonham Carter, Graham Duff, Anthony Allgood, Rusty Goffe, Jon Key, Kelly Macdonald, Jason Isaacs",Adventure,"Freshwater West Beach, Castlemartin, Pembroke, Pembrokeshire, Wales, UK(Shell Cottage; exterior)",125000000,381447587,"United Kingdom",156
"Children of Heaven",8.2,1999,January,PG,"1h 29m","Majid Majidi","Mohammad Amir Naji, Amir Farrokh Hashemian, Bahare Seddiqi, Nafise Jafar-Mohammadi, Fereshte Sarabandi, Kamal Mirkarimi, Behzad Rafi, Dariush Mokhtari, Mohammad-Hasan Hosseinian, Masume Dair, Kambiz Peykarnegar, Hasan Roohparvari, Abbas-Ali Roomandi, Jafar Seyfollahi, Qolamreza Maleki, Zahra Mirzai, Sara Zamani, Mohammad Haj Hosseini",Drama,"Tehran, Iran",180000,933933,Iran,157
"12 Years a Slave",8.1,2013,November,R,"2h 14m","Steve McQueen","Chiwetel Ejiofor, Michael Kenneth Williams, Michael Fassbender, Brad Pitt, Dwight Henry, Dickie Gravois, Bryan Batt, Ashley Dyke, Kelsey Scott, Quvenzhané Wallis, Cameron Zeigler, Tony Bentley, Scoot McNairy, Taran Killam, Christopher Berry, Bill Camp, Mister Mackey Jr., Chris Chalk",Biography,"Madame John's Legacy, the French Quarter, New Orleans, Louisiana, USA(slave pen)",20000000,56671993,"United Kingdom",158
"Blade Runner",8.1,1982,June,R,"1h 57m","Ridley Scott","Harrison Ford, Rutger Hauer, Sean Young, Edward James Olmos, M. Emmet Walsh, Daryl Hannah, William Sanderson, Brion James, Joe Turkel, Joanna Cassidy, James Hong, Morgan Paull, Kevin Thompson, John Edward Allen, Hy Pyke, Kimiko Hiroshige, Bob Okazaki, Carolyn DeMirjian",Action,"Bradbury Building - 304 S. Broadway, Downtown, Los Angeles, California, USA(Sebastian's home)",28000000,32914489,"United States",159
"Before Sunrise",8.1,1995,January,R,"1h 41m","Richard Linklater","Ethan Hawke, Julie Delpy, Andrea Eckert, Hanno Pöschl, Karl Bruckschwaiger, Tex Rubinowitz, Erni Mangold, Dominik Castell, Haymon Maria Buttinger, Harald Waiglein, Bilge Jeschim, Kurti, Hans Weingartner, Liese Lyon, Peter Ily Huemer, Otto Reiter, Hubert Fabian Kulterer, Branko Andric",Drama,"Café Sperl, Gumpendorfer Strasse 11, Vienna, Austria(telephone role-play scene)",2500000,5535405,"United States",160
"The Grand Budapest Hotel",8.1,2014,March,R,"1h 39m","Wes Anderson","Ralph Fiennes, F. Murray Abraham, Mathieu Amalric, Adrien Brody, Willem Dafoe, Jeff Goldblum, Harvey Keitel, Jude Law, Bill Murray, Edward Norton, Saoirse Ronan, Jason Schwartzman, Léa Seydoux, Tilda Swinton, Tom Wilkinson, Owen Wilson, Tony Revolori, Larry Pine",Adventure,"Görlitz, Saxony, Germany(Historical Art Nouveau Department store, formerly "Karstadt")",25000000,59301324,"United Kingdom",161
Ben-Hur,8.1,1959,November,G,"3h 32m","William Wyler","Charlton Heston, Jack Hawkins, Stephen Boyd, Haya Harareet, Hugh Griffith, Martha Scott, Cathy O'Donnell, Sam Jaffe, Finlay Currie, Frank Thring, Terence Longdon, George Relph, André Morell, Umberto Alivernini, Armando Annuale, Artemio Antonini, Nello Appodia, Fortunato Arena",Adventure,"Corner of Via di Salone and Via delle Case Rosse, Salone Caves, Rome, Lazio, Italy(Valley of the Lepers)",15000000,74432704,"United States",162
"Barry Lyndon",8.1,1975,December,PG,"3h 5m","Stanley Kubrick","Ryan O'Neal, Marisa Berenson, Patrick Magee, Hardy Krüger, Steven Berkoff, Gay Hamilton, Marie Kean, Diana Körner, Murray Melvin, Frank Middlemass, André Morell, Arthur O'Sullivan, Godfrey Quigley, Leonard Rossiter, Philip Stone, Leon Vitali, John Bindon, Roger Booth",Adventure,"Blenheim Palace, Woodstock, Oxfordshire, England, UK(water garden)",11000000,250498,"United Kingdom",163
"Gone Girl",8.1,2014,October,R,"2h 29m","David Fincher","Ben Affleck, Rosamund Pike, Neil Patrick Harris, Tyler Perry, Carrie Coon, Kim Dickens, Patrick Fugit, David Clennon, Lisa Banes, Missi Pyle, Emily Ratajkowski, Casey Wilson, Lola Kirke, Boyd Holbrook, Sela Ward, Lee Norris, Jamie McShane, Leonard Kelly-Young",Drama,"Cape Girardeau, Missouri, USA(location)",61000000,167767189,"United States",164
"The Gold Rush",8.1,1925,July,Passed,"1h 35m","Charles Chaplin","Charles Chaplin, Mack Swain, Tom Murray, Henry Bergman, Malcolm Waite, Georgia Hale, Jack Adams, Frank Aderias, Leona Aderias, Lillian Adrian, Sam Allen, Claude Anderson, Harry Arras, Albert Austin, Marta Belfort, William Bell, Francis Bernhardt, F.J. Beuaregard",Adventure,"Sierra Nevada Mountains, California, USA",923000,31490,"United States",165
"Hacksaw Ridge",8.1,2016,November,R,"2h 19m","Mel Gibson","Andrew Garfield, Sam Worthington, Luke Bracey, Teresa Palmer, Richard Pyros, Jacob Warner, Milo Gibson, Darcy Bryce, Roman Guerriero, James Lugton, Kasia Stelmach, Hugo Weaving, Rachel Griffiths, Jarin Towney, Tim McGarry, Tyler Coppin, Richard Platt, Nathaniel Buzolic",Biography,"Sydney, New South Wales, Australia",40000000,67209615,Australia,166
"In the Name of the Father",8.1,1994,February,R,"2h 13m","Jim Sheridan","Daniel Day-Lewis, Pete Postlethwaite, Alison Crosbie, Philip King, Emma Thompson, Nye Heron, Anthony Brophy, Frankie McCafferty, Paul Warriner, Julian Walsh, Stuart Wolfenden, Jo Connor, Karen Carlisle, Seamus Moran, Billy Byrne, Maureen McBride, Jane Nolan, Laurence Griffin",Biography,"Kilmainham Jail, Dublin, County Dublin, Ireland(Jail scenes)",13000000,25096862,Ireland,167
"Memories of Murder",8.1,2003,May,"Not Rated","2h 12m","Bong Joon Ho","Song Kang-ho, Kim Sang-kyung, Kim Roe-ha, Song Jae-ho, Byun Hee-Bong, Ko Seo-hie, Ryu Tae-ho, Park No-shik, Park Hae-il, Jeon Mi-seon, Young-hwa Seo, Woo Go-na, Ok-joo Lee, Choi Jong-ryol, Yoo Seung-mok, Hun-Kyung Lee, Shin Hyun-jong, Lee Jae-eung",Crime,"South Korea",2800000,15357,"South Korea",168
"The Lives of Others",8.4,2007,March,R,"2h 17m","Florian Henckel von Donnersmarck","Ulrich Mühe, Martina Gedeck, Sebastian Koch, Ulrich Tukur, Thomas Thieme, Hans-Uwe Bauer, Volkmar Kleinert, Matthias Brenner, Charly Hübner, Herbert Knaup, Bastian Trost, Marie Gruber, Volker Zack, Werner Daehn, Martin Brambach, Hubertus Hartmann, Thomas Arnold, Hinnerk Schönemann",Drama,"Gedenkstätte Hohenschönhausen, Hohenschönhausen, Berlin, Germany",2000000,11286112,Germany,169
"Sunset Blvd.",8.4,1950,August,Passed,"1h 50m","Billy Wilder","William Holden, Gloria Swanson, Erich von Stroheim, Nancy Olson, Fred Clark, Lloyd Gough, Jack Webb, Franklyn Farnum, Larry J. Blake, Charles Dayton, Cecil B. DeMille, Hedda Hopper, Buster Keaton, Anna Q. Nilsson, H.B. Warner, Ray Evans, Jay Livingston, Fred Aldrich",Drama,"10060 Sunset Blvd, Los Angeles, California, USA(Norma Desmond's driveway gate)",1752000,299645,"United States",170
"Paths of Glory",8.4,1957,December,Approved,"1h 28m","Stanley Kubrick","Kirk Douglas, Ralph Meeker, Adolphe Menjou, George Macready, Wayne Morris, Richard Anderson, Joe Turkel, Christiane Kubrick, Jerry Hausner, Peter Capell, Emile Meyer, Bert Freed, Kem Dibbs, Timothy Carey, Fred Bell, John Stein, Harold Benedict, Leon Briggs",Drama,"Schleißheim Palace, Oberschleißheim, Bavaria, Germany",935000,5477,"United States",171
"Avengers: Infinity War",8.4,2018,April,PG-13,"2h 29m","Anthony RussoJoe Russo","Robert Downey Jr., Chris Hemsworth, Mark Ruffalo, Chris Evans, Scarlett Johansson, Don Cheadle, Benedict Cumberbatch, Tom Holland, Chadwick Boseman, Zoe Saldana, Karen Gillan, Tom Hiddleston, Paul Bettany, Elizabeth Olsen, Anthony Mackie, Sebastian Stan, Idris Elba, Danai Gurira",Action,"Cockburn Street, Edinburgh, City of Edinburgh, Scotland, UK(Pizza Shop)",321000000,678815482,"United States",172
"Spider-Man: Into the Spider-Verse",8.4,2018,December,PG,"1h 57m","Bob PersichettiPeter RamseyRodney Rothman","Shameik Moore, Jake Johnson, Hailee Steinfeld, Mahershala Ali, Brian Tyree Henry, Lily Tomlin, Luna Lauren Velez, Zoë Kravitz, John Mulaney, Kimiko Glenn, Nicolas Cage, Kathryn Hahn, Liev Schreiber, Chris Pine, Natalie Morales, Edwin R. Habacon, Oscar Isaac, Greta Lee",Animation,,90000000,190241310,Canada,173
"The Shining",8.4,1980,June,R,"2h 26m","Stanley Kubrick","Jack Nicholson, Shelley Duvall, Danny Lloyd, Scatman Crothers, Barry Nelson, Philip Stone, Joe Turkel, Anne Jackson, Tony Burton, Lia Beldam, Billie Gibson, Barry Dennen, David Baxt, Manning Redwood, Lisa Burns, Louise Burns, Robin Pappas, Alison Coleridge",Drama,"Timberline Lodge, Mount Hood, Oregon, USA(Overlook Hotel; exterior)",19000000,45634352,"United Kingdom",174
"Witness for the Prosecution",8.4,1958,February,Approved,"1h 56m","Billy Wilder","Tyrone Power, Marlene Dietrich, Charles Laughton, Elsa Lanchester, John Williams, Henry Daniell, Ian Wolfe, Torin Thatcher, Norma Varden, Una O'Connor, Francis Compton, Philip Tonge, Ruta Lee, Patrick Aherne, Don Ames, Walter Bacon, Eddie Baker, Benjie Bancroft",Crime,"Metro-Goldwyn-Mayer Studios - 10202 W. Washington Blvd., Culver City, California, USA",3000000,7693,"United States",175
"The Great Dictator",8.4,1941,March,G,"2h 5m","Charles Chaplin","Charles Chaplin, Paulette Goddard, Jack Oakie, Reginald Gardiner, Henry Daniell, Billy Gilbert, Grace Hayle, Carter DeHaven, Maurice Moscovitch, Emma Dunn, Bernard Gorcey, Paul Weigel, Chester Conklin, Esther Michelson, Hank Mann, Florence Wright, Eddie Gribbon, Rudolph Anders",Comedy,"Santa Monica Mountains, Los Angeles, California, USA(duck hunt - war sequences)",2000000,972212,"United States",176
Aliens,8.4,1986,July,R,"2h 17m","James Cameron","Sigourney Weaver, Michael Biehn, Carrie Henn, Paul Reiser, Lance Henriksen, Bill Paxton, William Hope, Jenette Goldstein, Al Matthews, Mark Rolston, Ricco Ross, Colette Hiller, Daniel Kash, Cynthia Dale Scott, Tip Tipping, Trevor Steedman, Paul Maxwell, Valerie Colgan",Action,"Acton Lane Power Station, Acton Lane, Acton, London, England, UK(exterior of atmosphere processing station; interior of alien structure; cocoon chamber, now demolished)",18500000,85160248,"United Kingdom",177
"Inglourious Basterds",8.4,2009,August,R,"2h 33m","Quentin Tarantino","Brad Pitt, Diane Kruger, Eli Roth, Mélanie Laurent, Christoph Waltz, Michael Fassbender, Daniel Brühl, Til Schweiger, Gedeon Burkhard, Jacky Ido, B.J. Novak, Omar Doom, August Diehl, Denis Ménochet, Sylvester Groth, Martin Wuttke, Mike Myers, Julie Dreyfus",Adventure,"Paris, France",70000000,120540719,Germany,178
"The Dark Knight Rises",8.4,2012,July,PG-13,"2h 44m","Christopher Nolan","Christian Bale, Tom Hardy, Anne Hathaway, Gary Oldman, Joseph Gordon-Levitt, Marion Cotillard, Morgan Freeman, Michael Caine, Matthew Modine, Alon Aboutboul, Ben Mendelsohn, Burn Gorman, Daniel Sunjata, Aidan Gillen, Sam Kennard, Aliash Tepina, Nestor Carbonell, Brett Cullen",Action,"Mehrangarh Fort, Jodhpur, Rajasthan, India(The Pit exterior)",250000000,448149584,"United States",179
"American Beauty",8.3,1999,October,R,"2h 2m","Sam Mendes","Kevin Spacey, Annette Bening, Thora Birch, Wes Bentley, Mena Suvari, Peter Gallagher, Allison Janney, Chris Cooper, Scott Bakula, Sam Robards, Barry Del Sherman, Ara Celi, John Cho, Fort Atkinson, Sue Casey, Kent Faulcon, Brenda Wehle, Lisa Cloud",Drama,"Sacramento, California, USA(aerial shots)",15000000,130096601,"United States",180
"Dr. Strangelove or: How I Learned to Stop Worrying and Love the Bomb",8.4,1964,January,PG,"1h 35m","Stanley Kubrick","Peter Sellers, George C. Scott, Sterling Hayden, Keenan Wynn, Slim Pickens, Peter Bull, James Earl Jones, Tracy Reed, Jack Creley, Frank Berry, Robert O'Neil, Glenn Beck, Roy Stephens, Shane Rimmer, Hal Galili, Paul Tamarin, Laurence Herder, Gordon Tanner",Comedy,"Banff National Park, Alberta, Canada(aerial photography - outside bomber views at end of flight)",1800000,9440272,"United Kingdom",181
Oldboy,8.3,2003,November,R,2h,"Park Chan-wook","Choi Min-sik, Yoo Ji-tae, Kang Hye-jeong, Kim Byeong-Ok, Ji Dae-han, Oh Dal-su, Seung-shin Lee, Jin-Seo Yoon, Oh Tae-kyung, Yoo Yeon-Seok, Il-han Oo, Young-hee Lee, Young-ae Kim, Mi Mi Lee, Jae-Duk Han, Jung Ae Kwak, San Kim, Chae-soo Jang",Action,"Busan, South Korea",3000000,2458200,"South Korea",182
Coco,8.4,2017,November,PG,"1h 45m","Lee UnkrichAdrian Molina","Anthony Gonzalez, Gael García Bernal, Benjamin Bratt, Alanna Ubach, Renee Victor, Jaime Camil, Alfonso Arau, Herbert Siguenza, Gabriel Iglesias, Lombardo Boyar, Ana Ofelia Murguía, Natalia Cordova-Buckley, Selene Luna, Edward James Olmos, Sofía Espinosa, Carla Medina, Dyana Ortelli, Luis Valdez",Animation,"Pixar Animation Studios - 1200 Park Avenue, Emeryville, California, USA",175000000,210460015,"United States",183
Amadeus,8.4,1984,September,PG,"2h 40m","Milos Forman","F. Murray Abraham, Tom Hulce, Elizabeth Berridge, Roy Dotrice, Simon Callow, Christine Ebersole, Jeffrey Jones, Charles Kay, Kenneth McMillan, Kenny Baker, Lisbeth Bartlett, Barbara Bryne, Martin Cavina, Roderick Cook, Milan Demjanenko, Peter DiGesu, Richard Frank, Patrick Hines",Biography,"Barrandov Studios, Prague, Czech Republic(Studio, Volkstheater, Hospital Room, Mozart's Apartment and Staircase sets)",18000000,51973029,"United States",184
"Toy Story",8.3,1995,November,G,"1h 21m","John Lasseter","Tom Hanks, Tim Allen, Don Rickles, Jim Varney, Wallace Shawn, John Ratzenberger, Annie Potts, John Morris, Erik von Detten, Laurie Metcalf, R. Lee Ermey, Sarah Rayne, Penn Jillette, Jack Angel, Spencer Aste, Greg Berg, Lisa Bradley, Kendall Cunningham",Animation,"Pixar Animation Studios - 1200 Park Avenue, Emeryville, California, USA",30000000,223225679,"United States",185
"The Boat",8.4,1982,February,"2h 29m",,"Wolfgang Petersen","Jürgen Prochnow, Herbert Grönemeyer, Klaus Wennemann, Hubertus Bengsch, Martin Semmelrogge, Bernd Tauber, Erwin Leder, Martin May, Heinz Hoenig, Uwe Ochsenknecht, Claude-Oliver Rudolph, Jan Fedder, Ralf Richter, Joachim Bernhard, Oliver Stritzel, Konrad Becker, Lutz Schnell, Martin Hemme",Drama,"North Sea near Heligoland",0,11487676,"West Germany",186
Braveheart,8.3,1995,May,R,"2h 58m","Mel Gibson","Mel Gibson, Sophie Marceau, Patrick McGoohan, Angus Macfadyen, James Robinson, Sean Lawlor, Sandy Nelson, James Cosmo, Sean McGinley, Alan Tall, Andrew Weir, Gerda Stevenson, Ralph Riach, Mhairi Calvey, Brian Cox, Peter Hanly, Stephen Billington, Barry McGovern",Biography,"Fort William, Glen Coe, Highland, Scotland, UK",72000000,75609945,"United States",187
"Avengers: Endgame",8.4,2019,April,PG-13,"3h 1m","Anthony RussoJoe Russo","Robert Downey Jr., Chris Evans, Mark Ruffalo, Chris Hemsworth, Scarlett Johansson, Jeremy Renner, Don Cheadle, Paul Rudd, Benedict Cumberbatch, Chadwick Boseman, Brie Larson, Tom Holland, Karen Gillan, Zoe Saldana, Evangeline Lilly, Tessa Thompson, Rene Russo, Elizabeth Olsen",Action,"Durham Cathedral, The College, Durham, County Durham, England, UK(Thor Meets His Mother In Asgard)",356000000,858373000,"United States",188
Joker,8.4,2019,October,R,"2h 2m","Todd Phillips","Joaquin Phoenix, Robert De Niro, Zazie Beetz, Frances Conroy, Brett Cullen, Shea Whigham, Bill Camp, Glenn Fleshler, Leigh Gill, Josh Pais, Rocco Luna, Marc Maron, Sondra James, Murphy Guyer, Douglas Hodge, Dante Pereira-Olson, Carrie Louise Putrello, Sharon Washington",Crime,"1150 Anderson Ave, The Bronx, New York City, New York, USA(Joker stairs scenes)",55000000,335477657,"United States",189
Oppenheimer,8.4,2023,July,R,3h,"Christopher Nolan","Cillian Murphy, Emily Blunt, Matt Damon, Robert Downey Jr., Alden Ehrenreich, Scott Grimes, Jason Clarke, Kurt Koehler, Tony Goldwyn, John Gowans, Macon Blair, James D'Arcy, Kenneth Branagh, Harry Groener, Gregory Jbara, Ted King, Tim DeKay, Steven Houska",Biography,"Los Alamos, New Mexico, USA(only interiors, Los Alamos facilities interiors, including Oppenheimer's house, Fuller Lodge Interior and Exterior)",100000000,328801195,"United States",190
"Princess Mononoke",8.3,1997,December,PG-13,"2h 14m","Hayao Miyazaki","Yôji Matsuda, Yuriko Ishida, Yûko Tanaka, Billy Crudup, Billy Bob Thornton, Minnie Driver, John DiMaggio, Claire Danes, John DeMita, Jada Pinkett Smith, Gillian Anderson, Keith David, Corey Burton, Tara Strong, Julia Fletcher, Debi Derryberry, Alex Fernandez, Jack Fletcher",Animation,,0,4845631,Japan,191
"Good Will Hunting",8.3,1998,January,R,"2h 6m","Gus Van Sant","Robin Williams, Matt Damon, Ben Affleck, Stellan Skarsgård, John Mighton, Rachel Majorowski, Colleen McCauley, Casey Affleck, Cole Hauser, Matt Mercier, Ralph St. George, Rob Lynds, Dan Washington, Alison Folland, Derrick Bridgeman, Vik Sahay, Shannon Egleson, Rob Lyons",Drama,"Central Technical School, Toronto, Ontario, Canada",10000000,138433435,"United States",192
"Your Name.",8.4,2017,April,TV-PG,"1h 46m","Makoto Shinkai","Ryunosuke Kamiki, Mone Kamishiraishi, Ryo Narita, Aoi Yûki, Nobunaga Shimazaki, Kaito Ishikawa, Kanon Tani, Masaki Terasoma, Sayaka Ôhara, Kazuhiko Inoue, Chafûrin, Kana Hanazawa, Yuka Terasaki, Takashi Onozuka, Yôhei Namekawa, Miyu Tsuji, Shin'ya Hamazoe, Kanami Satô",Animation,,370000000,5017246,Japan,193
"Once Upon a Time in America",8.3,1984,June,R,"3h 49m","Sergio Leone","Robert De Niro, James Woods, Elizabeth McGovern, Treat Williams, Tuesday Weld, Burt Young, Joe Pesci, Danny Aiello, William Forsythe, James Hayden, Darlanne Fluegel, Larry Rapp, Dutch Miller, Robert Harper, Richard Bright, Gerard Murphy, Amy Ryder, Olga Karlatos",Crime,"Cinecittà Studios, Cinecittà, Rome, Lazio, Italy(Studio)",30000000,5321508,"United States",194
"On the Waterfront",8.1,1954,June,Approved,"1h 48m","Elia Kazan","Marlon Brando, Karl Malden, Lee J. Cobb, Rod Steiger, Pat Henning, Leif Erickson, James Westerfield, Tony Galento, Tami Mauriello, John F. Hamilton, John Heldabrand, Rudy Bond, Don Blackman, Arthur Keegan, Abe Simon, Eva Marie Saint, Martin Balsam, Dan Bergin",Crime,"St Peter and St Paul Church - 400 Hudson Street, Hoboken, New Jersey, USA(interiors: church)",910000,1889,"United States",195
"The General",8.1,1927,January,Passed,"1h 18m","Clyde BruckmanBuster Keaton","Buster Keaton, Marion Mack, Glen Cavender, Jim Farley, Frederick Vroom, Frank Barnes, Charles Henry Smith, Joe Keaton, Mike Donlin, Tom Nawn, Henry Baird, Joe Bricher, Jimmy Bryant, Sergeant Bukowski, C.C. Cruson, Jack Dempster, Keith Fennell, Budd Fine",Action,"Cottage Grove, Oregon, USA",750000,612,"United States",196
"Dead Poets Society",8.1,1989,June,PG,"2h 8m","Peter Weir","Robin Williams, Robert Sean Leonard, Ethan Hawke, Josh Charles, Gale Hansen, Dylan Kussman, Allelon Ruggiero, James Waterston, Norman Lloyd, Kurtwood Smith, Carla Belver, Leon Pownall, George Martin, Joe Aufiery, Matt Carey, Kevin Cooney, Jane Moore, Lara Flynn Boyle",Comedy,"St. Andrew's School - 350 Noxontown Road, Middletown, Delaware, USA(school)",16400000,95860116,"United States",197
"The Deer Hunter",8.1,1979,February,R,"3h 3m","Michael Cimino","Robert De Niro, Christopher Walken, John Cazale, John Savage, Meryl Streep, George Dzundza, Chuck Aspegren, Shirley Stoler, Rutanya Alda, Pierre Segui, Mady Kaplan, Amy Wright, Mary Ann Haenel, Richard Kuss, Joe Grifasi, Christopher Colombi Jr., Victoria Karnafel, Jack Scardino",Drama,"St. Theodosius Russian Orthodox Church - 733 Starkweather Avenue, Cleveland, Ohio, USA(wedding)",15000000,48979328,"United States",198
"Wild Tales",8.1,2014,August,R,"2h 2m","Damián Szifron","Darío Grandinetti, María Marull, Mónica Villa, Diego Starosta, Marcelo Frasca, Lucila Mangone, María Laura Caccamo, Carlos Alberto Vavassori, Pablo Machado, Horacio Vay, Javier Pedersoli, Héctor Drachtman, María Rosa López Ottonello, Rita Cortese, Julieta Zylberberg, César Bordón, Juan Santiago Linari, Leonardo Sbaraglia",Comedy,"Cafayate, Salta, Argentina",3300000,3106530,Argentina,199
"Mad Max: Fury Road",8.1,2015,May,R,2h,"George Miller","Tom Hardy, Charlize Theron, Nicholas Hoult, Zoë Kravitz, Hugh Keays-Byrne, Josh Helman, Nathan Jones, Rosie Huntington-Whiteley, Riley Keough, Abbey Lee, Courtney Eaton, John Howard, Richard Carter, Iota, Angus Sampson, Jennifer Hagan, Megan Gale, Melissa Jaffer",Action,"Namib Desert, Namibia",150000000,154280290,Australia,200
"Wild Strawberries",8.1,1959,June,"Not Rated","1h 31m","Ingmar Bergman","Victor Sjöström, Bibi Andersson, Ingrid Thulin, Gunnar Björnstrand, Jullan Kindahl, Folke Sundquist, Björn Bjelfvenstam, Naima Wifstrand, Gunnel Broström, Gertrud Fridh, Sif Ruud, Gunnar Sjöberg, Max von Sydow, Åke Fridell, Yngve Nordwall, Per Sjöstrand, Gio Petré, Gunnel Lindblom",Drama,"Dalarö, Stockholms län, Sweden",60418,0,Sweden,201
"Sherlock Jr.",8.2,1924,May,Passed,45m,"Buster Keaton","Buster Keaton, Kathryn McGuire, Joe Keaton, Erwin Connelly, Ward Crane, Jane Connelly, George Davis, Doris Deane, Christine Francis, Betsy Ann Hisle, Kewpie Morgan, Steve Murphy, John Patrick, Ford West",Action,"3630 Pasadena Ave, Los Angeles, California, USA(Northleaf Grocery)",399,0,"United States",202
"The Third Man",8.1,1950,February,Approved,"1h 33m","Carol Reed","Orson Welles, Joseph Cotten, Alida Valli, Trevor Howard, Paul Hörbiger, Ernst Deutsch, Erich Ponto, Siegfried Breuer, Hedwig Bleibtreu, Bernard Lee, Wilfrid Hyde-White, Nelly Arno, Jack Arrow, Harold Ayer, Harry Belcher, Leo Bieber, Paul Birch, Martin Boddey",Film-Noir,"8 Schreyvogelgasse, Vienna, Austria(doorway where Harry Lime first appears)",1067364,13576,"United Kingdom",203
"The Wages of Fear",8.2,1955,February,"Not Rated","2h 11m","Henri-Georges Clouzot","Yves Montand, Charles Vanel, Peter van Eyck, Folco Lulli, Véra Clouzot, William Tubbs, Darío Moreno, Jo Dest, Antonio Centa, Luis De Lima, Grégoire Gromoff, Josep Palau i Fabre, Faustini, Seguna, Darling Légitimus, René Baranger, Charles Fawcett, Pat Hurst",Adventure,"Bouches-du-Rhône, France",1098,0,France,204
"Monsters, Inc.",8.1,2001,November,G,"1h 32m","Pete DocterDavid SilvermanLee Unkrich","Billy Crystal, John Goodman, Mary Gibbs, Steve Buscemi, James Coburn, Jennifer Tilly, Bob Peterson, John Ratzenberger, Frank Oz, Daniel Gerson, Steve Susskind, Bonnie Hunt, Jeff Pidgeon, Samuel Lord Black, Jack Angel, Bob Bergen, Rodger Bumpass, Gino Conforti",Animation,"Pixar Animation Studios - 1200 Park Avenue, Emeryville, California, USA",115000000,290642256,"United States",205
Jaws,8.1,1975,June,PG,"2h 4m","Steven Spielberg","Roy Scheider, Robert Shaw, Richard Dreyfuss, Lorraine Gary, Murray Hamilton, Carl Gottlieb, Jeffrey Kramer, Susan Backlinie, Jonathan Filley, Ted Grossman, Chris Rebello, Jay Mello, Lee Fierro, Jeffrey Voorhees, Craig Kingsbury, Robert Nevin, Peter Benchley, Jonathan Searle",Adventure,"Water Street, Edgartown, Martha's Vineyard, Massachusetts, USA",7000000,266567580,"United States",206
"How to Train Your Dragon",8.1,2010,March,PG,"1h 38m","Dean DeBloisChris Sanders","Jay Baruchel, Gerard Butler, Christopher Mintz-Plasse, Craig Ferguson, America Ferrera, Jonah Hill, T.J. Miller, Kristen Wiig, Robin Atkin Downes, Philip McGrade, Kieron Elliott, Ashley Jensen, David Tennant",Animation,,165000000,217581231,"United States",207
"Mary and Max",8.1,2009,April,"Not Rated","1h 32m","Adam Elliot","Toni Collette, Philip Seymour Hoffman, Eric Bana, Barry Humphries, Christopher Massey, Oliver Marks, Daisy Kocher, Daniel Marks, Hamish Hughes, Dan Doherty, Julie Forsyth, Mandy Mao, Patrick McCabe, Adam Elliot, Mr. Peck, Michael James Allen, Bill Murphy, Shaun Patten",Animation,"Melbourne, Victoria, Australia",8240000,1740625,Australia,208
"Mr. Smith Goes to Washington",8.1,1939,October,Passed,"2h 9m","Frank Capra","James Stewart, Jean Arthur, Claude Rains, Edward Arnold, Guy Kibbee, Thomas Mitchell, Eugene Pallette, Beulah Bondi, H.B. Warner, Harry Carey, Astrid Allwyn, Ruth Donnelly, Grant Mitchell, Porter Hall, H.V. Kaltenborn, Charles Lane, Pierre Watkin, Dick Elliott",Comedy,"Lincoln Memorial, National Mall, Washington, District of Columbia, USA",1900000,144738,"United States",209
"Ford v Ferrari",8.1,2019,November,PG-13,"2h 32m","James Mangold","Matt Damon, Christian Bale, Jon Bernthal, Caitríona Balfe, Josh Lucas, Noah Jupe, Tracy Letts, Remo Girone, Ray McKinnon, JJ Feild, Jack McMullen, Corrado Invernizzi, Joe Williamson, Ian Harding, Christopher Darga, Shawn Law, Emil Beheshti, Darrin Prescott",Action,"Savannah, Georgia, USA(Circuit de la Sarthe)",97600000,117624357,"United States",210
Ratatouille,8.1,2007,June,G,"1h 51m","Brad BirdJan Pinkava","Brad Garrett, Lou Romano, Patton Oswalt, Ian Holm, Brian Dennehy, Peter Sohn, Peter O'Toole, Janeane Garofalo, Will Arnett, Julius Callahan, James Remar, John Ratzenberger, Teddy Newton, Tony Fucile, Jake Steinfeld, Brad Bird, Stéphane Roux, Jack Bird",Animation,"Pixar Animation Studios - 1200 Park Avenue, Emeryville, California, USA",150000000,206445654,"United States",211
"The Seventh Seal",8.1,1958,October,"Not Rated","1h 36m","Ingmar Bergman","Max von Sydow, Gunnar Björnstrand, Bengt Ekerot, Nils Poppe, Bibi Andersson, Inga Gill, Maud Hansson, Inga Landgré, Gunnel Lindblom, Bertil Anderberg, Anders Ek, Åke Fridell, Gunnar Olsson, Erik Strandmark, Siv Aleros, Sten Ardenstam, Harry Asklund, Benkt-Åke Benktsson",Drama,"Hovs Hallar - Naturreservat, Skåne län, Sweden(Opening beach scene and ending scene)",150000,311212,Sweden,212
Room,8.1,2016,January,R,"1h 58m","Lenny Abrahamson","Brie Larson, Jacob Tremblay, Sean Bridgers, Wendy Crewson, Sandy McMaster, Matt Gordon, Amanda Brugel, Joe Pingue, Joan Allen, Zarrin Darnell-Martin, Cas Anvar, William H. Macy, Jee-Yun Lee, Randal Edwards, Justin Mader, Ola Sturik, Rodrigo Fernandez-Stoll, Rory O'Shea",Drama,"Apache Burgers, 5236 Dundas St. W., Etobicoke, Ontario, Canada(Burger joint)",13000000,14677654,Ireland,213
"The Big Lebowski",8.1,1998,March,R,"1h 57m","Joel CoenEthan Coen","Jeff Bridges, John Goodman, Julianne Moore, Steve Buscemi, David Huddleston, Philip Seymour Hoffman, Tara Reid, Philip Moon, Mark Pellegrino, Peter Stormare, Flea, Torsten Voges, Jimmie Dale Gilmore, Jack Kehler, John Turturro, James G. Hoosier, Carlos Leon, Terrence Burton",Comedy,"South Pasadena, California, USA(opening sequence at grocery store)",15000000,19301403,"United States",214
"Tokyo Story",8.1,1972,March,"Not Rated","2h 16m","Yasujirô Ozu","Chishû Ryû, Chieko Higashiyama, Sô Yamamura, Setsuko Hara, Haruko Sugimura, Kuniko Miyake, Kyôko Kagawa, Eijirô Tôno, Nobuo Nakamura, Shirô Ôsaka, Hisao Toake, Teruko Nagaoka, Mutsuko Sakura, Toyo Takahashi, Tôru Abe, Sachiko Mitani, Zen Murase, Mitsuhiro Môri",Drama,"Osaka, Japan",88647,0,Japan,215
Rocky,8.1,1976,December,PG,2h,"John G. Avildsen","Sylvester Stallone, Talia Shire, Burt Young, Carl Weathers, Burgess Meredith, Thayer David, Joe Spinell, Jimmy Gambina, Bill Baldwin, Al Silvani, George Memmoli, Jodi Letizia, Diana Lewis, George O'Hanlon, Larry Carroll, Stan Shaw, Don Sherman, Billy Sands",Drama,"1818 East Tusculum Street, Kensington, North Philadelphia, Pennsylvania, USA(Rocky's home)",960000,117235147,"United States",216
"Hotel Rwanda",8.1,2005,February,PG-13,"2h 1m","Terry George","Don Cheadle, Sophie Okonedo, Joaquin Phoenix, Xolani Mali, Desmond Dube, Hakeem Kae-Kazim, Tony Kgoroge, Rosie Motene, Neil McCarthy, Mabutho 'Kid' Sithole, Nick Nolte, Fana Mokoena, Jeremiah Ndlovu, Lebo Mashile, Antonio David Lyons, Leleti Khumalo, Kgomotso Seitshohlo, Lerato Mokgotho",Biography,Rwanda,17500000,23530892,"United Kingdom",217
